"l[0,0]",0.0
"l[0,1]",0.0
"l[0,2]",0.0
"l[0,3]",0.0
"l[0,4]",0.0
"l[0,5]",0.0
"l[0,6]",0.0
"l[0,7]",0.0
"l[0,8]",0.0
"l[0,9]",0.8791525425141206
"l[0,10]",0.0
"l[0,11]",0.0
"l[0,12]",0.0
"l[0,13]",0.0
"l[0,14]",0.0
"l[0,15]",0.0
"l[0,16]",0.0
"l[0,17]",0.0
"l[0,18]",1.2203389831920848
"l[0,19]",0.0
"l[0,20]",0.0
"l[0,21]",0.0
"l[0,22]",0.0
"l[0,23]",0.0
"l[1,0]",0.0
"l[1,1]",0.0
"l[1,2]",0.0
"l[1,3]",0.0
"l[1,4]",0.0
"l[1,5]",0.0
"l[1,6]",0.0
"l[1,7]",0.0
"l[1,8]",0.0
"l[1,9]",0.0
"l[1,10]",0.0
"l[1,11]",0.0
"l[1,12]",0.0
"l[1,13]",0.0
"l[1,14]",0.0
"l[1,15]",0.0
"l[1,16]",0.0
"l[1,17]",0.0
"l[1,18]",0.0
"l[1,19]",0.0
"l[1,20]",0.0
"l[1,21]",0.0
"l[1,22]",0.0
"l[1,23]",0.0
"l[2,0]",0.0
"l[2,1]",0.0
"l[2,2]",0.0
"l[2,3]",0.0
"l[2,4]",0.0
"l[2,5]",0.0
"l[2,6]",0.0
"l[2,7]",0.8450704226549266
"l[2,8]",0.0
"l[2,9]",0.0
"l[2,10]",0.0
"l[2,11]",0.0
"l[2,12]",0.0
"l[2,13]",0.0
"l[2,14]",0.0
"l[2,15]",0.0
"l[2,16]",0.0
"l[2,17]",0.0
"l[2,18]",0.0
"l[2,19]",0.0
"l[2,20]",0.0
"l[2,21]",0.0
"l[2,22]",0.0
"l[2,23]",0.0
"l[3,0]",0.0
"l[3,1]",0.0
"l[3,2]",0.0
"l[3,3]",0.0
"l[3,4]",0.0
"l[3,5]",0.0
"l[3,6]",0.0
"l[3,7]",0.0
"l[3,8]",0.0
"l[3,9]",0.0
"l[3,10]",0.0
"l[3,11]",0.0
"l[3,12]",0.0
"l[3,13]",0.0
"l[3,14]",0.0
"l[3,15]",0.0
"l[3,16]",0.0
"l[3,17]",0.0
"l[3,18]",0.0
"l[3,19]",0.0
"l[3,20]",0.0
"l[3,21]",0.0
"l[3,22]",0.0
"l[3,23]",0.0
"l[4,0]",0.0
"l[4,1]",0.0
"l[4,2]",0.0
"l[4,3]",0.0
"l[4,4]",0.0
"l[4,5]",0.5996465310100334
"l[4,6]",0.0
"l[4,7]",0.0
"l[4,8]",0.0
"l[4,9]",0.0
"l[4,10]",0.0
"l[4,11]",0.0
"l[4,12]",0.0
"l[4,13]",0.0
"l[4,14]",0.0
"l[4,15]",0.0
"l[4,16]",0.0
"l[4,17]",0.0
"l[4,18]",0.0
"l[4,19]",0.0
"l[4,20]",0.0
"l[4,21]",0.0
"l[4,22]",0.0
"l[4,23]",0.0
"l[5,0]",0.0
"l[5,1]",0.0
"l[5,2]",0.0
"l[5,3]",0.0
"l[5,4]",0.0
"l[5,5]",0.0
"l[5,6]",0.0
"l[5,7]",0.0
"l[5,8]",0.0
"l[5,9]",0.0
"l[5,10]",0.0
"l[5,11]",0.0
"l[5,12]",0.0
"l[5,13]",0.0
"l[5,14]",0.0
"l[5,15]",0.0
"l[5,16]",0.0
"l[5,17]",0.0
"l[5,18]",0.0
"l[5,19]",0.0
"l[5,20]",0.0
"l[5,21]",0.0
"l[5,22]",0.0
"l[5,23]",0.0
"l[6,0]",0.0
"l[6,1]",0.0
"l[6,2]",0.0
"l[6,3]",0.0
"l[6,4]",0.0
"l[6,5]",0.0
"l[6,6]",0.0
"l[6,7]",1.5305164318694853
"l[6,8]",0.0
"l[6,9]",0.0
"l[6,10]",0.0
"l[6,11]",0.0
"l[6,12]",0.0
"l[6,13]",0.0
"l[6,14]",0.0
"l[6,15]",0.0
"l[6,16]",0.0
"l[6,17]",0.0
"l[6,18]",0.0
"l[6,19]",0.0
"l[6,20]",0.0
"l[6,21]",0.0
"l[6,22]",0.0
"l[6,23]",0.0
"l[7,0]",0.0
"l[7,1]",0.0
"l[7,2]",0.0
"l[7,3]",0.0
"l[7,4]",0.0
"l[7,5]",0.0
"l[7,6]",0.0
"l[7,7]",0.0
"l[7,8]",0.0
"l[7,9]",0.0
"l[7,10]",0.0
"l[7,11]",0.0
"l[7,12]",0.0
"l[7,13]",0.0
"l[7,14]",0.0
"l[7,15]",0.0
"l[7,16]",0.0
"l[7,17]",0.0
"l[7,18]",0.0
"l[7,19]",0.0
"l[7,20]",0.0
"l[7,21]",0.0
"l[7,22]",0.0
"l[7,23]",0.0
"l[8,0]",0.0
"l[8,1]",1.2962264150662914
"l[8,2]",0.7468354430379752
"l[8,3]",0.0
"l[8,4]",0.0
"l[8,5]",0.0
"l[8,6]",0.0
"l[8,7]",0.0
"l[8,8]",1.0000000000166667
"l[8,9]",0.0
"l[8,10]",0.0
"l[8,11]",0.0
"l[8,12]",0.0
"l[8,13]",0.0
"l[8,14]",1.1713990314222862
"l[8,15]",0.0
"l[8,16]",0.0
"l[8,17]",0.0
"l[8,18]",0.0
"l[8,19]",0.0
"l[8,20]",0.0
"l[8,21]",0.0
"l[8,22]",1.1713976133843493
"l[8,23]",0.9050632911392411
"l[9,0]",0.0
"l[9,1]",0.0
"l[9,2]",0.0
"l[9,3]",0.0
"l[9,4]",0.0
"l[9,5]",0.0
"l[9,6]",0.0
"l[9,7]",0.0
"l[9,8]",0.0
"l[9,9]",0.0
"l[9,10]",0.0
"l[9,11]",0.0
"l[9,12]",0.0
"l[9,13]",0.0
"l[9,14]",0.0
"l[9,15]",0.0
"l[9,16]",0.0
"l[9,17]",0.0
"l[9,18]",0.0
"l[9,19]",0.0
"l[9,20]",0.0
"l[9,21]",0.0
"l[9,22]",0.0
"l[9,23]",0.0
"l[10,0]",0.0
"l[10,1]",0.0
"l[10,2]",0.0
"l[10,3]",0.0
"l[10,4]",0.0
"l[10,5]",0.0
"l[10,6]",0.0
"l[10,7]",0.0
"l[10,8]",0.0
"l[10,9]",0.0
"l[10,10]",0.0
"l[10,11]",0.0
"l[10,12]",0.0
"l[10,13]",0.0
"l[10,14]",0.0
"l[10,15]",0.0
"l[10,16]",0.0
"l[10,17]",0.0
"l[10,18]",0.0
"l[10,19]",0.0
"l[10,20]",0.0
"l[10,21]",0.0
"l[10,22]",0.0
"l[10,23]",0.0
"l[11,0]",0.0
"l[11,1]",0.09056603775572235
"l[11,2]",0.0
"l[11,3]",0.0
"l[11,4]",0.0
"l[11,5]",0.0
"l[11,6]",0.0
"l[11,7]",0.0
"l[11,8]",0.0
"l[11,9]",0.0
"l[11,10]",0.0
"l[11,11]",0.0
"l[11,12]",0.0
"l[11,13]",0.0
"l[11,14]",0.0
"l[11,15]",0.0
"l[11,16]",0.0
"l[11,17]",0.0
"l[11,18]",0.0
"l[11,19]",0.0
"l[11,20]",0.0
"l[11,21]",0.0
"l[11,22]",0.0
"l[11,23]",0.0
"l[12,0]",0.0
"l[12,1]",0.0
"l[12,2]",0.0
"l[12,3]",0.0
"l[12,4]",0.0
"l[12,5]",0.0
"l[12,6]",0.0
"l[12,7]",0.0
"l[12,8]",0.0
"l[12,9]",0.0
"l[12,10]",0.0
"l[12,11]",0.0
"l[12,12]",0.0
"l[12,13]",0.0
"l[12,14]",0.0
"l[12,15]",0.0
"l[12,16]",0.0
"l[12,17]",0.0
"l[12,18]",0.0
"l[12,19]",0.0
"l[12,20]",0.0
"l[12,21]",0.0
"l[12,22]",0.0
"l[12,23]",0.0
"l[13,0]",0.0
"l[13,1]",0.0
"l[13,2]",0.0
"l[13,3]",0.0
"l[13,4]",0.0
"l[13,5]",0.0
"l[13,6]",0.0
"l[13,7]",0.0
"l[13,8]",0.0
"l[13,9]",0.0
"l[13,10]",0.0
"l[13,11]",0.0
"l[13,12]",0.0
"l[13,13]",0.0
"l[13,14]",0.0
"l[13,15]",0.0
"l[13,16]",0.0
"l[13,17]",0.0
"l[13,18]",0.0
"l[13,19]",0.0
"l[13,20]",0.0
"l[13,21]",0.0
"l[13,22]",0.0
"l[13,23]",0.0
"l[14,0]",0.0
"l[14,1]",0.0
"l[14,2]",0.0
"l[14,3]",0.0
"l[14,4]",0.0
"l[14,5]",0.0
"l[14,6]",1.0000000000111111
"l[14,7]",0.0
"l[14,8]",0.0
"l[14,9]",0.9138983050016974
"l[14,10]",0.0
"l[14,11]",0.8533037758933114
"l[14,12]",0.4666666665620416
"l[14,13]",0.0
"l[14,14]",0.0
"l[14,15]",0.0
"l[14,16]",0.0
"l[14,17]",0.8533050219405939
"l[14,18]",0.18644067788305463
"l[14,19]",0.0
"l[14,20]",0.0
"l[14,21]",0.0
"l[14,22]",0.0
"l[14,23]",0.0
"l[15,0]",0.0
"l[15,1]",0.0
"l[15,2]",0.0
"l[15,3]",0.0
"l[15,4]",0.0
"l[15,5]",0.0
"l[15,6]",0.0
"l[15,7]",0.0
"l[15,8]",0.0
"l[15,9]",0.0
"l[15,10]",0.0
"l[15,11]",0.0
"l[15,12]",0.0
"l[15,13]",0.0
"l[15,14]",0.0
"l[15,15]",0.0
"l[15,16]",0.0
"l[15,17]",0.0
"l[15,18]",0.0
"l[15,19]",0.0
"l[15,20]",0.0
"l[15,21]",0.0
"l[15,22]",0.0
"l[15,23]",0.0
"l[16,0]",0.0
"l[16,1]",0.0
"l[16,2]",0.0
"l[16,3]",0.0
"l[16,4]",0.0
"l[16,5]",0.0
"l[16,6]",0.0
"l[16,7]",0.0
"l[16,8]",0.0
"l[16,9]",0.0
"l[16,10]",0.0
"l[16,11]",0.0
"l[16,12]",0.0
"l[16,13]",0.0
"l[16,14]",0.0
"l[16,15]",0.0
"l[16,16]",1.0000000000000007
"l[16,17]",0.0
"l[16,18]",0.0
"l[16,19]",0.0
"l[16,20]",0.0
"l[16,21]",0.0
"l[16,22]",0.0
"l[16,23]",0.0
"l[17,0]",0.0
"l[17,1]",0.0
"l[17,2]",0.0
"l[17,3]",0.0
"l[17,4]",0.0
"l[17,5]",0.0
"l[17,6]",0.0
"l[17,7]",0.0
"l[17,8]",0.0
"l[17,9]",0.0
"l[17,10]",0.0
"l[17,11]",0.0
"l[17,12]",0.0
"l[17,13]",0.0
"l[17,14]",0.0
"l[17,15]",0.834945920867449
"l[17,16]",0.0
"l[17,17]",0.0
"l[17,18]",0.0
"l[17,19]",0.0
"l[17,20]",0.0
"l[17,21]",0.0
"l[17,22]",0.0
"l[17,23]",0.0
"l[18,0]",0.6504424778761067
"l[18,1]",0.0
"l[18,2]",0.0
"l[18,3]",0.0
"l[18,4]",-1.5672902452209198e-12
"l[18,5]",0.0
"l[18,6]",0.0
"l[18,7]",0.0
"l[18,8]",0.0
"l[18,9]",0.0
"l[18,10]",0.6460176991150447
"l[18,11]",0.0
"l[18,12]",0.5333333334490695
"l[18,13]",0.10292035398230132
"l[18,14]",0.0
"l[18,15]",0.0
"l[18,16]",0.0
"l[18,17]",0.0
"l[18,18]",0.0
"l[18,19]",0.0
"l[18,20]",0.0526617541687612
"l[18,21]",1.9862068965455177
"l[18,22]",0.0
"l[18,23]",0.0
"l[19,0]",0.0
"l[19,1]",0.0
"l[19,2]",0.0
"l[19,3]",0.0
"l[19,4]",0.0
"l[19,5]",0.0
"l[19,6]",0.0
"l[19,7]",0.0
"l[19,8]",0.0
"l[19,9]",0.0
"l[19,10]",0.0
"l[19,11]",0.0
"l[19,12]",0.0
"l[19,13]",0.0
"l[19,14]",0.0
"l[19,15]",0.0
"l[19,16]",0.0
"l[19,17]",0.0
"l[19,18]",0.0
"l[19,19]",0.0
"l[19,20]",0.0
"l[19,21]",0.0
"l[19,22]",0.0
"l[19,23]",0.0
"l[20,0]",0.0
"l[20,1]",0.0
"l[20,2]",0.0
"l[20,3]",0.0
"l[20,4]",0.0
"l[20,5]",0.0
"l[20,6]",0.0
"l[20,7]",0.0
"l[20,8]",0.0
"l[20,9]",0.0
"l[20,10]",0.0
"l[20,11]",0.0
"l[20,12]",0.0
"l[20,13]",0.0
"l[20,14]",0.0
"l[20,15]",0.0
"l[20,16]",0.0
"l[20,17]",0.0
"l[20,18]",0.0
"l[20,19]",0.4444444444444452
"l[20,20]",0.9118403226508153
"l[20,21]",0.008275862079355968
"l[20,22]",0.0
"l[20,23]",0.0
"l[21,0]",0.0
"l[21,1]",0.0
"l[21,2]",0.0
"l[21,3]",0.7458556648221825
"l[21,4]",0.0
"l[21,5]",0.0
"l[21,6]",0.0
"l[21,7]",0.0
"l[21,8]",0.0
"l[21,9]",0.0
"l[21,10]",0.0
"l[21,11]",0.0
"l[21,12]",0.0
"l[21,13]",0.0
"l[21,14]",0.0
"l[21,15]",0.0
"l[21,16]",0.0
"l[21,17]",0.0
"l[21,18]",0.0
"l[21,19]",0.0
"l[21,20]",0.0
"l[21,21]",0.0
"l[21,22]",0.0
"l[21,23]",0.0
"l[22,0]",0.0
"l[22,1]",0.0
"l[22,2]",0.0
"l[22,3]",0.0
"l[22,4]",1.6959116105356047e-12
"l[22,5]",0.0
"l[22,6]",0.0
"l[22,7]",0.0
"l[22,8]",0.0
"l[22,9]",0.0
"l[22,10]",0.0
"l[22,11]",0.0
"l[22,12]",0.0
"l[22,13]",0.0
"l[22,14]",0.0
"l[22,15]",0.0
"l[22,16]",0.0
"l[22,17]",0.0
"l[22,18]",0.0
"l[22,19]",0.0
"l[22,20]",0.0
"l[22,21]",0.0
"l[22,22]",0.0
"l[22,23]",0.0
"l[23,0]",0.0
"l[23,1]",0.0
"l[23,2]",0.0
"l[23,3]",0.0
"l[23,4]",0.0
"l[23,5]",0.0
"l[23,6]",0.0
"l[23,7]",0.0
"l[23,8]",0.0
"l[23,9]",0.0
"l[23,10]",0.0
"l[23,11]",0.0
"l[23,12]",0.0
"l[23,13]",0.0
"l[23,14]",0.0
"l[23,15]",0.0
"l[23,16]",0.0
"l[23,17]",0.0
"l[23,18]",0.0
"l[23,19]",0.0
"l[23,20]",0.0
"l[23,21]",0.0
"l[23,22]",0.0
"l[23,23]",0.0
"x[0,0]",977349.880530964
"x[0,1]",604994.137778844
"x[0,2]",214505.3291139142
"x[0,3]",211324.52860683366
"x[0,4]",-5.155821045696443e-07
"x[0,5]",462642.13992587326
"x[0,6]",639013.00000709
"x[0,7]",1937229.3357451544
"x[0,8]",287219.000004777
"x[0,9]",1428269.458726625
"x[0,10]",970701.2418878961
"x[0,11]",545272.2057449026
"x[0,12]",1099588.6445514818
"x[0,13]",154647.33483774873
"x[0,14]",336448.0584060676
"x[0,15]",1254583.3394433588
"x[0,16]",1502592.3333333242
"x[0,17]",545273.0019853147
"x[0,18]",1291066.152624929
"x[0,19]",125925.18518517542
"x[0,20]",337482.38642438187
"x[0,21]",2986804.0689591253
"x[0,22]",336447.65111862944
"x[0,23]",259951.37341771164
"x[1,0]",1234549.7964601675
"x[1,1]",1693661.6188968294
"x[1,2]",819127.6202531552
"x[1,3]",1796917.9538751415
"x[1,4]",-5.598442447561473e-07
"x[1,5]",649688.8329624037
"x[1,6]",871609.0000096746
"x[1,7]",2510190.225412772
"x[1,8]",1096798.00001827
"x[1,9]",1705010.530412533
"x[1,10]",1226151.4985250644
"x[1,11]",743747.2508025833
"x[1,12]",1419025.711239578
"x[1,13]",195344.40997049227
"x[1,14]",1284788.1148658907
"x[1,15]",1584740.160310528
"x[1,16]",1898015.3333333244
"x[1,17]",743748.3368686091
"x[1,18]",1423507.711937956
"x[1,19]",1070757.037037029
"x[1,20]",2296761.561690616
"x[1,21]",3789789.3793235878
"x[1,22]",1284786.5595647176
"x[1,23]",992671.6075949274
y[0],109663.75619470033
y[1],159695.96830114457
y[2],85549.70126583285
y[3],134183.16337984474
y[4],0.0
y[5],134183.3239966969
y[6],157251.30000175722
y[7],134182.87872395708
y[8],114549.60000191916
y[9],231303.30835525974
y[10],108917.74424779767
y[11],134183.12805414188
y[12],163303.24666973724
y[13],17352.237884965827
y[14],134183.29048982033
y[15],134183.32399669688
y[16],72399.38000001006
y[17],134183.3239966969
y[18],150902.69389932757
y[19],35247.89777778784
y[20],81194.72587809937
y[21],335528.2408549601
y[22],134183.12805414188
y[23],103674.63797469361
b[0],4101.387278770999
b[1],-1407.0816509460062
b[2],10320.049367098516
b[3],89938.05973173151
b[4],284787.75000001
b[5],74776.36363835735
b[6],-60361.42500222506
b[7],-25604.724301128008
b[8],-2.2134045138955116e-06
b[9],-19634.996468693273
b[10],-22251.809937310918
b[11],-73787.31781201238
b[12],-37664.21000253777
b[13],-1e-08
b[14],-3893.175000009959
b[15],-14428.80000000996
b[16],-30437.848313107115
b[17],-8454.525000009995
b[18],-465.1538161509161
b[19],-21121.21341359556
b[20],3558.2844842643535
b[21],-138837.14937971972
b[22],32124.079961769225
b[23],2957.5685126681637
"phi1[0,0]",-15901907376.69033
"phi1[0,1]",277.4995162792821
"phi1[0,2]",-190576926.43918484
"phi1[0,3]",277.4995162792821
"phi1[0,4]",-525818147.59340256
"phi1[0,5]",2045.231667052553
"phi1[0,6]",-173840541.42867744
"phi1[0,7]",6390.414396302857
"phi1[0,8]",-127173014.7257251
"phi1[0,9]",4468256066.034952
"phi1[0,10]",-99005230.11127685
"phi1[0,11]",3107.183627972035
"phi1[0,12]",2045.231667052553
"phi1[0,13]",-457820418.41094315
"phi1[0,14]",3950.570243083412
"phi1[0,15]",2045.231667052553
"phi1[0,16]",-242108722.51204202
"phi1[0,17]",2045.231667052553
"phi1[0,18]",3107.183627972035
"phi1[0,19]",-387693196.60816765
"phi1[0,20]",-207642646.66354683
"phi1[0,21]",9263364804.755644
"phi1[0,22]",3107.183627972035
"phi1[0,23]",-199976157.95830002
"phi1[1,0]",-418285.63673007867
"phi1[1,1]",0.07219400366000256
"phi1[1,2]",39839.88613384069
"phi1[1,3]",0.07219400366000256
"phi1[1,4]",109921.14611675337
"phi1[1,5]",0.08661839942222596
"phi1[1,6]",12382.813772161715
"phi1[1,7]",0.4143231201859041
"phi1[1,8]",24251.543889420802
"phi1[1,9]",73201.15576965336
"phi1[1,10]",20697.073578339692
"phi1[1,11]",0.32150845852514437
"phi1[1,12]",0.08661839942222596
"phi1[1,13]",95706.40688905123
"phi1[1,14]",0.06668140997016167
"phi1[1,15]",0.08661839942222596
"phi1[1,16]",50612.46709967312
"phi1[1,17]",0.08661839942222596
"phi1[1,18]",0.32150845852514437
"phi1[1,19]",81046.50305586816
"phi1[1,20]",43407.42825089137
"phi1[1,21]",151756.63956596938
"phi1[1,22]",0.32150845852514437
"phi1[1,23]",37745.738825136934
"phi2[0,0]",0.99999999
"phi2[0,1]",0.99999999
"phi2[0,2]",0.99999999
"phi2[0,3]",0.99999999
"phi2[0,4]",0.99999999
"phi2[0,5]",2.5260979759075384
"phi2[0,6]",0.99999999
"phi2[0,7]",0.99999999
"phi2[0,8]",772.4970581008068
"phi2[0,9]",581372.6051348738
"phi2[0,10]",0.99999999
"phi2[0,11]",3.973823341106767
"phi2[0,12]",2.5260979759075384
"phi2[0,13]",0.99999999
"phi2[0,14]",0.99999999
"phi2[0,15]",2.5260979759075384
"phi2[0,16]",0.99999999
"phi2[0,17]",2.5260979759075384
"phi2[0,18]",3.973823341106767
"phi2[0,19]",0.99999999
"phi2[0,20]",0.99999999
"phi2[0,21]",1205272.401835285
"phi2[0,22]",3.973823341106767
"phi2[0,23]",0.99999999
"phi2[1,0]",676889.1965593982
"phi2[1,1]",0.99999999
"phi2[1,2]",0.99999999
"phi2[1,3]",0.99999999
"phi2[1,4]",0.99999999
"phi2[1,5]",0.99999999
"phi2[1,6]",197360.09267381002
"phi2[1,7]",0.99999999
"phi2[1,8]",85199.54497583063
"phi2[1,9]",0.99999999
"phi2[1,10]",0.99999999
"phi2[1,11]",0.99999999
"phi2[1,12]",0.99999999
"phi2[1,13]",0.99999999
"phi2[1,14]",0.99999999
"phi2[1,15]",0.99999999
"phi2[1,16]",0.99999999
"phi2[1,17]",0.99999999
"phi2[1,18]",0.99999999
"phi2[1,19]",0.99999999
"phi2[1,20]",0.99999999
"phi2[1,21]",0.99999999
"phi2[1,22]",0.99999999
"phi2[1,23]",133539.2862697032
phi3[0],3015859.761680631
phi3[1],-27.322092135259332
phi3[2],5981888.51793131
phi3[3],-27.322092135259332
phi3[4],16504501.7736288
phi3[5],-47.07796495112469
phi3[6],-2837408.126587363
phi3[7],7.690582022644573
phi3[8],2414900.9733926933
phi3[9],-11945805.154068144
phi3[10],3107619.231149642
phi3[11],-22.97703069653258
phi3[12],-47.07796495112469
phi3[13],14370176.513778
phi3[14],-42.95661915478969
phi3[15],-47.07796495112469
phi3[16],7599378.033627538
phi3[17],-47.07796495112469
phi3[18],-22.97703069653258
phi3[19],12169010.34696087
phi3[20],6517550.490622576
phi3[21],-24765471.851531416
phi3[22],-22.97703069653258
phi3[23],3752521.3027414363
phi4[0],173363816.06576356
phi4[1],-38.54999695242802
phi4[2],1371919.1992212122
phi4[3],-38.54999695242802
phi4[4],3785295.150711975
phi4[5],-68.43589164078821
phi4[6],-3743306.8326843083
phi4[7],-81.58320625551464
phi4[8],-928848.9511823603
phi4[9],-40275075.323606655
phi4[10],712701.5499294348
phi4[11],-88.55963406351447
phi4[12],-68.43589164078821
phi4[13],3295784.6907514497
phi4[14],-67.0541557943213
phi4[15],-68.43589164078821
phi4[16],1742892.664092792
phi4[17],-68.43589164078821
phi4[18],-88.55963406351447
phi4[19],2790944.1760290028
phi4[20],1494774.0159485324
phi4[21],-83496244.33979282
phi4[22],-88.55963406351447
phi4[23],-1441542.2185106832
phi5,346854426.7736275
phi6,0.0
phi7[0],0.0
phi7[1],0.0
phi7[2],0.0
phi7[3],0.0
phi7[4],0.0
phi7[5],0.0
phi7[6],0.0
phi7[7],0.0
phi7[8],0.0
phi7[9],0.0
phi7[10],0.0
phi7[11],0.0
phi7[12],0.0
phi7[13],0.0
phi7[14],0.0
phi7[15],0.0
phi7[16],0.0
phi7[17],0.0
phi7[18],0.0
phi7[19],0.0
phi7[20],0.0
phi7[21],0.0
phi7[22],0.0
phi7[23],0.0
phi8[0],-173363816.06576356
phi8[1],38.54999694242802
phi8[2],-1371919.1992212222
phi8[3],38.54999694242802
phi8[4],-3785295.150711985
phi8[5],68.43589163078822
phi8[6],3743306.8326842985
phi8[7],81.58320624551465
phi8[8],928848.9511823503
phi8[9],40275075.32360665
phi8[10],-712701.5499294448
phi8[11],88.55963405351447
phi8[12],68.43589163078822
phi8[13],-3295784.6907514594
phi8[14],67.05415578432131
phi8[15],68.43589163078822
phi8[16],-1742892.664092802
phi8[17],68.43589163078822
phi8[18],88.55963405351447
phi8[19],-2790944.1760290125
phi8[20],-1494774.0159485424
phi8[21],83496244.3397928
phi8[22],88.55963405351447
phi8[23],1441542.2185106731
"a1[0,0]",0.0
"a1[0,1]",0.0
"a1[0,2]",0.0
"a1[0,3]",0.0
"a1[0,4]",0.0
"a1[0,5]",0.0
"a1[0,6]",0.0
"a1[0,7]",0.0
"a1[0,8]",0.0
"a1[0,9]",0.0
"a1[0,10]",0.0
"a1[0,11]",0.0
"a1[0,12]",0.0
"a1[0,13]",0.0
"a1[0,14]",0.0
"a1[0,15]",0.0
"a1[0,16]",0.0
"a1[0,17]",0.0
"a1[0,18]",0.0
"a1[0,19]",0.0
"a1[0,20]",0.0
"a1[0,21]",0.0
"a1[0,22]",0.0
"a1[0,23]",0.0
"a1[1,0]",0.0
"a1[1,1]",0.0
"a1[1,2]",0.0
"a1[1,3]",0.0
"a1[1,4]",0.0
"a1[1,5]",0.0
"a1[1,6]",0.0
"a1[1,7]",0.0
"a1[1,8]",0.0
"a1[1,9]",0.0
"a1[1,10]",0.0
"a1[1,11]",0.0
"a1[1,12]",0.0
"a1[1,13]",0.0
"a1[1,14]",0.0
"a1[1,15]",0.0
"a1[1,16]",0.0
"a1[1,17]",0.0
"a1[1,18]",0.0
"a1[1,19]",0.0
"a1[1,20]",0.0
"a1[1,21]",0.0
"a1[1,22]",0.0
"a1[1,23]",0.0
a2[0],0.0
a2[1],0.0
a2[2],0.0
a2[3],0.0
a2[4],0.0
a2[5],0.0
a2[6],0.0
a2[7],0.0
a2[8],0.0
a2[9],0.0
a2[10],0.0
a2[11],0.0
a2[12],0.0
a2[13],0.0
a2[14],0.0
a2[15],0.0
a2[16],0.0
a2[17],0.0
a2[18],0.0
a2[19],0.0
a2[20],0.0
a2[21],0.0
a2[22],0.0
a2[23],0.0
a3[0],0.0
a3[1],0.0
a3[2],0.0
a3[3],0.0
a3[4],0.0
a3[5],0.0
a3[6],0.0
a3[7],0.0
a3[8],0.0
a3[9],0.0
a3[10],0.0
a3[11],0.0
a3[12],0.0
a3[13],0.0
a3[14],0.0
a3[15],0.0
a3[16],0.0
a3[17],0.0
a3[18],0.0
a3[19],0.0
a3[20],0.0
a3[21],0.0
a3[22],0.0
a3[23],0.0
"a4[0,0]",0.0
"a4[0,1]",0.0
"a4[0,2]",0.0
"a4[0,3]",0.0
"a4[0,4]",0.0
"a4[0,5]",0.0
"a4[0,6]",0.0
"a4[0,7]",0.0
"a4[0,8]",0.0
"a4[0,9]",0.0
"a4[0,10]",0.0
"a4[0,11]",0.0
"a4[0,12]",0.0
"a4[0,13]",0.0
"a4[0,14]",0.0
"a4[0,15]",0.0
"a4[0,16]",0.0
"a4[0,17]",0.0
"a4[0,18]",0.0
"a4[0,19]",0.0
"a4[0,20]",0.0
"a4[0,21]",0.0
"a4[0,22]",0.0
"a4[0,23]",0.0
"a4[1,0]",0.0
"a4[1,1]",0.0
"a4[1,2]",0.0
"a4[1,3]",0.0
"a4[1,4]",0.0
"a4[1,5]",0.0
"a4[1,6]",0.0
"a4[1,7]",0.0
"a4[1,8]",0.0
"a4[1,9]",0.0
"a4[1,10]",0.0
"a4[1,11]",0.0
"a4[1,12]",0.0
"a4[1,13]",0.0
"a4[1,14]",0.0
"a4[1,15]",0.0
"a4[1,16]",0.0
"a4[1,17]",0.0
"a4[1,18]",0.0
"a4[1,19]",0.0
"a4[1,20]",0.0
"a4[1,21]",0.0
"a4[1,22]",0.0
"a4[1,23]",0.0
"a4[2,0]",0.0
"a4[2,1]",0.0
"a4[2,2]",0.0
"a4[2,3]",0.0
"a4[2,4]",0.0
"a4[2,5]",0.0
"a4[2,6]",0.0
"a4[2,7]",0.0
"a4[2,8]",0.0
"a4[2,9]",0.0
"a4[2,10]",0.0
"a4[2,11]",0.0
"a4[2,12]",0.0
"a4[2,13]",0.0
"a4[2,14]",0.0
"a4[2,15]",0.0
"a4[2,16]",0.0
"a4[2,17]",0.0
"a4[2,18]",0.0
"a4[2,19]",0.0
"a4[2,20]",0.0
"a4[2,21]",0.0
"a4[2,22]",0.0
"a4[2,23]",0.0
"a4[3,0]",0.0
"a4[3,1]",0.0
"a4[3,2]",0.0
"a4[3,3]",0.0
"a4[3,4]",0.0
"a4[3,5]",0.0
"a4[3,6]",0.0
"a4[3,7]",0.0
"a4[3,8]",0.0
"a4[3,9]",0.0
"a4[3,10]",0.0
"a4[3,11]",0.0
"a4[3,12]",0.0
"a4[3,13]",0.0
"a4[3,14]",0.0
"a4[3,15]",0.0
"a4[3,16]",0.0
"a4[3,17]",0.0
"a4[3,18]",0.0
"a4[3,19]",0.0
"a4[3,20]",0.0
"a4[3,21]",0.0
"a4[3,22]",0.0
"a4[3,23]",0.0
"a4[4,0]",0.0
"a4[4,1]",0.0
"a4[4,2]",0.0
"a4[4,3]",0.0
"a4[4,4]",0.0
"a4[4,5]",0.0
"a4[4,6]",0.0
"a4[4,7]",0.0
"a4[4,8]",0.0
"a4[4,9]",0.0
"a4[4,10]",0.0
"a4[4,11]",0.0
"a4[4,12]",0.0
"a4[4,13]",0.0
"a4[4,14]",0.0
"a4[4,15]",0.0
"a4[4,16]",0.0
"a4[4,17]",0.0
"a4[4,18]",0.0
"a4[4,19]",0.0
"a4[4,20]",0.0
"a4[4,21]",0.0
"a4[4,22]",0.0
"a4[4,23]",0.0
"a4[5,0]",0.0
"a4[5,1]",0.0
"a4[5,2]",0.0
"a4[5,3]",0.0
"a4[5,4]",0.0
"a4[5,5]",0.0
"a4[5,6]",0.0
"a4[5,7]",0.0
"a4[5,8]",0.0
"a4[5,9]",0.0
"a4[5,10]",0.0
"a4[5,11]",0.0
"a4[5,12]",0.0
"a4[5,13]",0.0
"a4[5,14]",0.0
"a4[5,15]",0.0
"a4[5,16]",0.0
"a4[5,17]",0.0
"a4[5,18]",0.0
"a4[5,19]",0.0
"a4[5,20]",0.0
"a4[5,21]",0.0
"a4[5,22]",0.0
"a4[5,23]",0.0
"a4[6,0]",0.0
"a4[6,1]",0.0
"a4[6,2]",0.0
"a4[6,3]",0.0
"a4[6,4]",0.0
"a4[6,5]",0.0
"a4[6,6]",0.0
"a4[6,7]",0.0
"a4[6,8]",0.0
"a4[6,9]",0.0
"a4[6,10]",0.0
"a4[6,11]",0.0
"a4[6,12]",0.0
"a4[6,13]",0.0
"a4[6,14]",0.0
"a4[6,15]",0.0
"a4[6,16]",0.0
"a4[6,17]",0.0
"a4[6,18]",0.0
"a4[6,19]",0.0
"a4[6,20]",0.0
"a4[6,21]",0.0
"a4[6,22]",0.0
"a4[6,23]",0.0
"a4[7,0]",0.0
"a4[7,1]",0.0
"a4[7,2]",0.0
"a4[7,3]",0.0
"a4[7,4]",0.0
"a4[7,5]",0.0
"a4[7,6]",0.0
"a4[7,7]",0.0
"a4[7,8]",0.0
"a4[7,9]",0.0
"a4[7,10]",0.0
"a4[7,11]",0.0
"a4[7,12]",0.0
"a4[7,13]",0.0
"a4[7,14]",0.0
"a4[7,15]",0.0
"a4[7,16]",0.0
"a4[7,17]",0.0
"a4[7,18]",0.0
"a4[7,19]",0.0
"a4[7,20]",0.0
"a4[7,21]",0.0
"a4[7,22]",0.0
"a4[7,23]",0.0
"a4[8,0]",0.0
"a4[8,1]",0.0
"a4[8,2]",0.0
"a4[8,3]",0.0
"a4[8,4]",0.0
"a4[8,5]",0.0
"a4[8,6]",0.0
"a4[8,7]",0.0
"a4[8,8]",0.0
"a4[8,9]",0.0
"a4[8,10]",0.0
"a4[8,11]",0.0
"a4[8,12]",0.0
"a4[8,13]",0.0
"a4[8,14]",0.0
"a4[8,15]",0.0
"a4[8,16]",0.0
"a4[8,17]",0.0
"a4[8,18]",0.0
"a4[8,19]",0.0
"a4[8,20]",0.0
"a4[8,21]",0.0
"a4[8,22]",0.0
"a4[8,23]",0.0
"a4[9,0]",0.0
"a4[9,1]",0.0
"a4[9,2]",0.0
"a4[9,3]",0.0
"a4[9,4]",0.0
"a4[9,5]",0.0
"a4[9,6]",0.0
"a4[9,7]",0.0
"a4[9,8]",0.0
"a4[9,9]",0.0
"a4[9,10]",0.0
"a4[9,11]",0.0
"a4[9,12]",0.0
"a4[9,13]",0.0
"a4[9,14]",0.0
"a4[9,15]",0.0
"a4[9,16]",0.0
"a4[9,17]",0.0
"a4[9,18]",0.0
"a4[9,19]",0.0
"a4[9,20]",0.0
"a4[9,21]",0.0
"a4[9,22]",0.0
"a4[9,23]",0.0
"a4[10,0]",0.0
"a4[10,1]",0.0
"a4[10,2]",0.0
"a4[10,3]",0.0
"a4[10,4]",0.0
"a4[10,5]",0.0
"a4[10,6]",0.0
"a4[10,7]",0.0
"a4[10,8]",0.0
"a4[10,9]",0.0
"a4[10,10]",0.0
"a4[10,11]",0.0
"a4[10,12]",0.0
"a4[10,13]",0.0
"a4[10,14]",0.0
"a4[10,15]",0.0
"a4[10,16]",0.0
"a4[10,17]",0.0
"a4[10,18]",0.0
"a4[10,19]",0.0
"a4[10,20]",0.0
"a4[10,21]",0.0
"a4[10,22]",0.0
"a4[10,23]",0.0
"a4[11,0]",0.0
"a4[11,1]",0.0
"a4[11,2]",0.0
"a4[11,3]",0.0
"a4[11,4]",0.0
"a4[11,5]",0.0
"a4[11,6]",0.0
"a4[11,7]",0.0
"a4[11,8]",0.0
"a4[11,9]",0.0
"a4[11,10]",0.0
"a4[11,11]",0.0
"a4[11,12]",0.0
"a4[11,13]",0.0
"a4[11,14]",0.0
"a4[11,15]",0.0
"a4[11,16]",0.0
"a4[11,17]",0.0
"a4[11,18]",0.0
"a4[11,19]",0.0
"a4[11,20]",0.0
"a4[11,21]",0.0
"a4[11,22]",0.0
"a4[11,23]",0.0
"a4[12,0]",0.0
"a4[12,1]",0.0
"a4[12,2]",0.0
"a4[12,3]",0.0
"a4[12,4]",0.0
"a4[12,5]",0.0
"a4[12,6]",0.0
"a4[12,7]",0.0
"a4[12,8]",0.0
"a4[12,9]",0.0
"a4[12,10]",0.0
"a4[12,11]",0.0
"a4[12,12]",0.0
"a4[12,13]",0.0
"a4[12,14]",0.0
"a4[12,15]",0.0
"a4[12,16]",0.0
"a4[12,17]",0.0
"a4[12,18]",0.0
"a4[12,19]",0.0
"a4[12,20]",0.0
"a4[12,21]",0.0
"a4[12,22]",0.0
"a4[12,23]",0.0
"a4[13,0]",0.0
"a4[13,1]",0.0
"a4[13,2]",0.0
"a4[13,3]",0.0
"a4[13,4]",0.0
"a4[13,5]",0.0
"a4[13,6]",0.0
"a4[13,7]",0.0
"a4[13,8]",0.0
"a4[13,9]",0.0
"a4[13,10]",0.0
"a4[13,11]",0.0
"a4[13,12]",0.0
"a4[13,13]",0.0
"a4[13,14]",0.0
"a4[13,15]",0.0
"a4[13,16]",0.0
"a4[13,17]",0.0
"a4[13,18]",0.0
"a4[13,19]",0.0
"a4[13,20]",0.0
"a4[13,21]",0.0
"a4[13,22]",0.0
"a4[13,23]",0.0
"a4[14,0]",0.0
"a4[14,1]",0.0
"a4[14,2]",0.0
"a4[14,3]",0.0
"a4[14,4]",0.0
"a4[14,5]",0.0
"a4[14,6]",0.0
"a4[14,7]",0.0
"a4[14,8]",0.0
"a4[14,9]",0.0
"a4[14,10]",0.0
"a4[14,11]",0.0
"a4[14,12]",0.0
"a4[14,13]",0.0
"a4[14,14]",0.0
"a4[14,15]",0.0
"a4[14,16]",0.0
"a4[14,17]",0.0
"a4[14,18]",0.0
"a4[14,19]",0.0
"a4[14,20]",0.0
"a4[14,21]",0.0
"a4[14,22]",0.0
"a4[14,23]",0.0
"a4[15,0]",0.0
"a4[15,1]",0.0
"a4[15,2]",0.0
"a4[15,3]",0.0
"a4[15,4]",0.0
"a4[15,5]",0.0
"a4[15,6]",0.0
"a4[15,7]",0.0
"a4[15,8]",0.0
"a4[15,9]",0.0
"a4[15,10]",0.0
"a4[15,11]",0.0
"a4[15,12]",0.0
"a4[15,13]",0.0
"a4[15,14]",0.0
"a4[15,15]",0.0
"a4[15,16]",0.0
"a4[15,17]",0.0
"a4[15,18]",0.0
"a4[15,19]",0.0
"a4[15,20]",0.0
"a4[15,21]",0.0
"a4[15,22]",0.0
"a4[15,23]",0.0
"a4[16,0]",0.0
"a4[16,1]",0.0
"a4[16,2]",0.0
"a4[16,3]",0.0
"a4[16,4]",0.0
"a4[16,5]",0.0
"a4[16,6]",0.0
"a4[16,7]",0.0
"a4[16,8]",0.0
"a4[16,9]",0.0
"a4[16,10]",0.0
"a4[16,11]",0.0
"a4[16,12]",0.0
"a4[16,13]",0.0
"a4[16,14]",0.0
"a4[16,15]",0.0
"a4[16,16]",0.0
"a4[16,17]",0.0
"a4[16,18]",0.0
"a4[16,19]",0.0
"a4[16,20]",0.0
"a4[16,21]",0.0
"a4[16,22]",0.0
"a4[16,23]",0.0
"a4[17,0]",0.0
"a4[17,1]",0.0
"a4[17,2]",0.0
"a4[17,3]",0.0
"a4[17,4]",0.0
"a4[17,5]",0.0
"a4[17,6]",0.0
"a4[17,7]",0.0
"a4[17,8]",0.0
"a4[17,9]",0.0
"a4[17,10]",0.0
"a4[17,11]",0.0
"a4[17,12]",0.0
"a4[17,13]",0.0
"a4[17,14]",0.0
"a4[17,15]",0.0
"a4[17,16]",0.0
"a4[17,17]",0.0
"a4[17,18]",0.0
"a4[17,19]",0.0
"a4[17,20]",0.0
"a4[17,21]",0.0
"a4[17,22]",0.0
"a4[17,23]",0.0
"a4[18,0]",0.0
"a4[18,1]",0.0
"a4[18,2]",0.0
"a4[18,3]",0.0
"a4[18,4]",0.0
"a4[18,5]",0.0
"a4[18,6]",0.0
"a4[18,7]",0.0
"a4[18,8]",0.0
"a4[18,9]",0.0
"a4[18,10]",0.0
"a4[18,11]",0.0
"a4[18,12]",0.0
"a4[18,13]",0.0
"a4[18,14]",0.0
"a4[18,15]",0.0
"a4[18,16]",0.0
"a4[18,17]",0.0
"a4[18,18]",0.0
"a4[18,19]",0.0
"a4[18,20]",0.0
"a4[18,21]",0.0
"a4[18,22]",0.0
"a4[18,23]",0.0
"a4[19,0]",0.0
"a4[19,1]",0.0
"a4[19,2]",0.0
"a4[19,3]",0.0
"a4[19,4]",0.0
"a4[19,5]",0.0
"a4[19,6]",0.0
"a4[19,7]",0.0
"a4[19,8]",0.0
"a4[19,9]",0.0
"a4[19,10]",0.0
"a4[19,11]",0.0
"a4[19,12]",0.0
"a4[19,13]",0.0
"a4[19,14]",0.0
"a4[19,15]",0.0
"a4[19,16]",0.0
"a4[19,17]",0.0
"a4[19,18]",0.0
"a4[19,19]",0.0
"a4[19,20]",0.0
"a4[19,21]",0.0
"a4[19,22]",0.0
"a4[19,23]",0.0
"a4[20,0]",0.0
"a4[20,1]",0.0
"a4[20,2]",0.0
"a4[20,3]",0.0
"a4[20,4]",0.0
"a4[20,5]",0.0
"a4[20,6]",0.0
"a4[20,7]",0.0
"a4[20,8]",0.0
"a4[20,9]",0.0
"a4[20,10]",0.0
"a4[20,11]",0.0
"a4[20,12]",0.0
"a4[20,13]",0.0
"a4[20,14]",0.0
"a4[20,15]",0.0
"a4[20,16]",0.0
"a4[20,17]",0.0
"a4[20,18]",0.0
"a4[20,19]",0.0
"a4[20,20]",0.0
"a4[20,21]",0.0
"a4[20,22]",0.0
"a4[20,23]",0.0
"a4[21,0]",0.0
"a4[21,1]",0.0
"a4[21,2]",0.0
"a4[21,3]",0.0
"a4[21,4]",0.0
"a4[21,5]",0.0
"a4[21,6]",0.0
"a4[21,7]",0.0
"a4[21,8]",0.0
"a4[21,9]",0.0
"a4[21,10]",0.0
"a4[21,11]",0.0
"a4[21,12]",0.0
"a4[21,13]",0.0
"a4[21,14]",0.0
"a4[21,15]",0.0
"a4[21,16]",0.0
"a4[21,17]",0.0
"a4[21,18]",0.0
"a4[21,19]",0.0
"a4[21,20]",0.0
"a4[21,21]",0.0
"a4[21,22]",0.0
"a4[21,23]",0.0
"a4[22,0]",0.0
"a4[22,1]",0.0
"a4[22,2]",0.0
"a4[22,3]",0.0
"a4[22,4]",0.0
"a4[22,5]",0.0
"a4[22,6]",0.0
"a4[22,7]",0.0
"a4[22,8]",0.0
"a4[22,9]",0.0
"a4[22,10]",0.0
"a4[22,11]",0.0
"a4[22,12]",0.0
"a4[22,13]",0.0
"a4[22,14]",0.0
"a4[22,15]",0.0
"a4[22,16]",0.0
"a4[22,17]",0.0
"a4[22,18]",0.0
"a4[22,19]",0.0
"a4[22,20]",0.0
"a4[22,21]",0.0
"a4[22,22]",0.0
"a4[22,23]",0.0
"a4[23,0]",0.0
"a4[23,1]",0.0
"a4[23,2]",0.0
"a4[23,3]",0.0
"a4[23,4]",0.0
"a4[23,5]",0.0
"a4[23,6]",0.0
"a4[23,7]",0.0
"a4[23,8]",0.0
"a4[23,9]",0.0
"a4[23,10]",0.0
"a4[23,11]",0.0
"a4[23,12]",0.0
"a4[23,13]",0.0
"a4[23,14]",0.0
"a4[23,15]",0.0
"a4[23,16]",0.0
"a4[23,17]",0.0
"a4[23,18]",0.0
"a4[23,19]",0.0
"a4[23,20]",0.0
"a4[23,21]",0.0
"a4[23,22]",0.0
"a4[23,23]",0.0
"a5[0,0]",0.0
"a5[0,1]",0.0
"a5[0,2]",0.0
"a5[0,3]",0.0
"a5[0,4]",0.0
"a5[0,5]",0.0
"a5[0,6]",0.0
"a5[0,7]",0.0
"a5[0,8]",0.0
"a5[0,9]",0.0
"a5[0,10]",0.0
"a5[0,11]",0.0
"a5[0,12]",0.0
"a5[0,13]",0.0
"a5[0,14]",0.0
"a5[0,15]",0.0
"a5[0,16]",0.0
"a5[0,17]",0.0
"a5[0,18]",0.0
"a5[0,19]",0.0
"a5[0,20]",0.0
"a5[0,21]",0.0
"a5[0,22]",0.0
"a5[0,23]",0.0
"a5[1,0]",0.0
"a5[1,1]",0.0
"a5[1,2]",0.0
"a5[1,3]",0.0
"a5[1,4]",0.0
"a5[1,5]",0.0
"a5[1,6]",0.0
"a5[1,7]",0.0
"a5[1,8]",0.0
"a5[1,9]",0.0
"a5[1,10]",0.0
"a5[1,11]",0.0
"a5[1,12]",0.0
"a5[1,13]",0.0
"a5[1,14]",0.0
"a5[1,15]",0.0
"a5[1,16]",0.0
"a5[1,17]",0.0
"a5[1,18]",0.0
"a5[1,19]",0.0
"a5[1,20]",0.0
"a5[1,21]",0.0
"a5[1,22]",0.0
"a5[1,23]",0.0
"a6[0,0]",0.0
"a6[0,1]",0.0
"a6[0,2]",0.0
"a6[0,3]",0.0
"a6[0,4]",0.0
"a6[0,5]",0.0
"a6[0,6]",0.0
"a6[0,7]",0.0
"a6[0,8]",0.0
"a6[0,9]",0.0
"a6[0,10]",0.0
"a6[0,11]",0.0
"a6[0,12]",0.0
"a6[0,13]",0.0
"a6[0,14]",0.0
"a6[0,15]",0.0
"a6[0,16]",0.0
"a6[0,17]",0.0
"a6[0,18]",0.0
"a6[0,19]",0.0
"a6[0,20]",0.0
"a6[0,21]",0.0
"a6[0,22]",0.0
"a6[0,23]",0.0
"a6[1,0]",0.0
"a6[1,1]",0.0
"a6[1,2]",0.0
"a6[1,3]",0.0
"a6[1,4]",0.0
"a6[1,5]",0.0
"a6[1,6]",0.0
"a6[1,7]",0.0
"a6[1,8]",0.0
"a6[1,9]",0.0
"a6[1,10]",0.0
"a6[1,11]",0.0
"a6[1,12]",0.0
"a6[1,13]",0.0
"a6[1,14]",0.0
"a6[1,15]",0.0
"a6[1,16]",0.0
"a6[1,17]",0.0
"a6[1,18]",0.0
"a6[1,19]",0.0
"a6[1,20]",0.0
"a6[1,21]",0.0
"a6[1,22]",0.0
"a6[1,23]",0.0
a7[0],0.0
a7[1],0.0
a7[2],0.0
a7[3],0.0
a7[4],0.0
a7[5],0.0
a7[6],0.0
a7[7],0.0
a7[8],0.0
a7[9],0.0
a7[10],0.0
a7[11],0.0
a7[12],0.0
a7[13],0.0
a7[14],0.0
a7[15],0.0
a7[16],0.0
a7[17],0.0
a7[18],0.0
a7[19],0.0
a7[20],0.0
a7[21],0.0
a7[22],0.0
a7[23],0.0
a8[0],0.0
a8[1],0.0
a8[2],0.0
a8[3],0.0
a8[4],0.0
a8[5],0.0
a8[6],0.0
a8[7],0.0
a8[8],0.0
a8[9],0.0
a8[10],0.0
a8[11],0.0
a8[12],0.0
a8[13],0.0
a8[14],0.0
a8[15],0.0
a8[16],0.0
a8[17],0.0
a8[18],0.0
a8[19],0.0
a8[20],0.0
a8[21],0.0
a8[22],0.0
a8[23],0.0
a9,0.0
a10,0.0
a11[0],0.0
a11[1],0.0
a11[2],0.0
a11[3],0.0
a11[4],0.0
a11[5],0.0
a11[6],0.0
a11[7],0.0
a11[8],0.0
a11[9],0.0
a11[10],0.0
a11[11],0.0
a11[12],0.0
a11[13],0.0
a11[14],0.0
a11[15],0.0
a11[16],0.0
a11[17],0.0
a11[18],0.0
a11[19],0.0
a11[20],0.0
a11[21],0.0
a11[22],0.0
a11[23],0.0
a12[0],0.0
a12[1],0.0
a12[2],0.0
a12[3],0.0
a12[4],0.0
a12[5],0.0
a12[6],0.0
a12[7],0.0
a12[8],0.0
a12[9],0.0
a12[10],0.0
a12[11],0.0
a12[12],0.0
a12[13],0.0
a12[14],0.0
a12[15],0.0
a12[16],0.0
a12[17],0.0
a12[18],0.0
a12[19],0.0
a12[20],0.0
a12[21],0.0
a12[22],0.0
a12[23],0.0
