"lambda[0,0]",0.0
"lambda[0,1]",0.0
"lambda[0,2]",0.0
"lambda[0,3]",0.0
"lambda[0,4]",0.0
"lambda[0,5]",0.0
"lambda[0,6]",0.0
"lambda[0,7]",0.0
"lambda[0,8]",0.0
"lambda[0,9]",0.0
"lambda[0,10]",0.0
"lambda[0,11]",0.0
"lambda[0,12]",0.0
"lambda[0,13]",0.0
"lambda[0,14]",0.0
"lambda[0,15]",0.0
"lambda[0,16]",0.0
"lambda[0,17]",0.0
"lambda[0,18]",0.0
"lambda[0,19]",0.0
"lambda[0,20]",0.0
"lambda[0,21]",0.0
"lambda[0,22]",0.0
"lambda[0,23]",0.0
"lambda[1,0]",0.0
"lambda[1,1]",0.0
"lambda[1,2]",0.0
"lambda[1,3]",0.0
"lambda[1,4]",0.0
"lambda[1,5]",0.0
"lambda[1,6]",0.0
"lambda[1,7]",7.739175798286739
"lambda[1,8]",0.0
"lambda[1,9]",0.0
"lambda[1,10]",0.0
"lambda[1,11]",0.0
"lambda[1,12]",0.0
"lambda[1,13]",0.0
"lambda[1,14]",0.0
"lambda[1,15]",0.0
"lambda[1,16]",0.0
"lambda[1,17]",0.0
"lambda[1,18]",0.0
"lambda[1,19]",0.0
"lambda[1,20]",0.0
"lambda[1,21]",0.0
"lambda[1,22]",0.0
"lambda[1,23]",0.0
"lambda[2,0]",0.0
"lambda[2,1]",0.0
"lambda[2,2]",0.0
"lambda[2,3]",0.0
"lambda[2,4]",0.0
"lambda[2,5]",0.0
"lambda[2,6]",0.0
"lambda[2,7]",0.0
"lambda[2,8]",0.0
"lambda[2,9]",0.0
"lambda[2,10]",0.0
"lambda[2,11]",0.0
"lambda[2,12]",0.0
"lambda[2,13]",0.0
"lambda[2,14]",0.0
"lambda[2,15]",0.0
"lambda[2,16]",0.0
"lambda[2,17]",0.0
"lambda[2,18]",0.0
"lambda[2,19]",0.0
"lambda[2,20]",0.0
"lambda[2,21]",0.0
"lambda[2,22]",0.0
"lambda[2,23]",0.0
"lambda[3,0]",0.0
"lambda[3,1]",0.0
"lambda[3,2]",0.0
"lambda[3,3]",0.0
"lambda[3,4]",0.0
"lambda[3,5]",0.0
"lambda[3,6]",0.0
"lambda[3,7]",0.0
"lambda[3,8]",0.0
"lambda[3,9]",0.0
"lambda[3,10]",0.0
"lambda[3,11]",0.0
"lambda[3,12]",0.0
"lambda[3,13]",0.0
"lambda[3,14]",0.0
"lambda[3,15]",0.0
"lambda[3,16]",0.0
"lambda[3,17]",0.0
"lambda[3,18]",0.0
"lambda[3,19]",0.0
"lambda[3,20]",0.0
"lambda[3,21]",0.0
"lambda[3,22]",0.0
"lambda[3,23]",0.0
"lambda[4,0]",0.0
"lambda[4,1]",0.0
"lambda[4,2]",0.0
"lambda[4,3]",0.0
"lambda[4,4]",0.0
"lambda[4,5]",0.0
"lambda[4,6]",0.0
"lambda[4,7]",0.0
"lambda[4,8]",0.0
"lambda[4,9]",0.0
"lambda[4,10]",0.0
"lambda[4,11]",0.0
"lambda[4,12]",0.0
"lambda[4,13]",0.0
"lambda[4,14]",0.0
"lambda[4,15]",0.0
"lambda[4,16]",0.0
"lambda[4,17]",0.0
"lambda[4,18]",0.0
"lambda[4,19]",0.0
"lambda[4,20]",0.0
"lambda[4,21]",0.0
"lambda[4,22]",0.0
"lambda[4,23]",0.0
"lambda[5,0]",0.0
"lambda[5,1]",0.0
"lambda[5,2]",0.0
"lambda[5,3]",0.0
"lambda[5,4]",0.0
"lambda[5,5]",0.0
"lambda[5,6]",0.0
"lambda[5,7]",0.0
"lambda[5,8]",0.0
"lambda[5,9]",0.0
"lambda[5,10]",0.0
"lambda[5,11]",0.0
"lambda[5,12]",0.0
"lambda[5,13]",0.0
"lambda[5,14]",0.0
"lambda[5,15]",0.0
"lambda[5,16]",0.0
"lambda[5,17]",0.0
"lambda[5,18]",0.0
"lambda[5,19]",0.0
"lambda[5,20]",0.0
"lambda[5,21]",0.0
"lambda[5,22]",0.0
"lambda[5,23]",0.0
"lambda[6,0]",0.0
"lambda[6,1]",0.0
"lambda[6,2]",0.0
"lambda[6,3]",0.0
"lambda[6,4]",0.0
"lambda[6,5]",0.0
"lambda[6,6]",0.0
"lambda[6,7]",0.0
"lambda[6,8]",0.0
"lambda[6,9]",0.0
"lambda[6,10]",0.0
"lambda[6,11]",0.0
"lambda[6,12]",0.0
"lambda[6,13]",0.0
"lambda[6,14]",0.0
"lambda[6,15]",0.0
"lambda[6,16]",0.0
"lambda[6,17]",0.0
"lambda[6,18]",0.0
"lambda[6,19]",0.0
"lambda[6,20]",0.0
"lambda[6,21]",0.0
"lambda[6,22]",0.0
"lambda[6,23]",0.0
"lambda[7,0]",0.0
"lambda[7,1]",0.0
"lambda[7,2]",0.0
"lambda[7,3]",0.0
"lambda[7,4]",0.0
"lambda[7,5]",0.0
"lambda[7,6]",0.0
"lambda[7,7]",0.0
"lambda[7,8]",0.0
"lambda[7,9]",0.0
"lambda[7,10]",0.0
"lambda[7,11]",0.0
"lambda[7,12]",0.0
"lambda[7,13]",0.0
"lambda[7,14]",0.0
"lambda[7,15]",0.0
"lambda[7,16]",0.0
"lambda[7,17]",0.0
"lambda[7,18]",0.0
"lambda[7,19]",0.0
"lambda[7,20]",0.0
"lambda[7,21]",0.0
"lambda[7,22]",0.0
"lambda[7,23]",0.0
"lambda[8,0]",0.0
"lambda[8,1]",0.0
"lambda[8,2]",0.0
"lambda[8,3]",0.0
"lambda[8,4]",0.0
"lambda[8,5]",0.0
"lambda[8,6]",0.0
"lambda[8,7]",0.0
"lambda[8,8]",0.0
"lambda[8,9]",0.0
"lambda[8,10]",0.0
"lambda[8,11]",0.0
"lambda[8,12]",0.0
"lambda[8,13]",0.0
"lambda[8,14]",0.0
"lambda[8,15]",0.0
"lambda[8,16]",0.0
"lambda[8,17]",0.0
"lambda[8,18]",0.0
"lambda[8,19]",0.0
"lambda[8,20]",0.0
"lambda[8,21]",0.0
"lambda[8,22]",0.0
"lambda[8,23]",0.0
"lambda[9,0]",0.0
"lambda[9,1]",0.0
"lambda[9,2]",0.0
"lambda[9,3]",0.0
"lambda[9,4]",0.0
"lambda[9,5]",0.0
"lambda[9,6]",0.0
"lambda[9,7]",0.0
"lambda[9,8]",0.0
"lambda[9,9]",0.0
"lambda[9,10]",0.0
"lambda[9,11]",0.0
"lambda[9,12]",0.0
"lambda[9,13]",0.0
"lambda[9,14]",0.0
"lambda[9,15]",0.0
"lambda[9,16]",0.0
"lambda[9,17]",0.0
"lambda[9,18]",0.0
"lambda[9,19]",0.0
"lambda[9,20]",0.0
"lambda[9,21]",0.0
"lambda[9,22]",0.0
"lambda[9,23]",0.0
"lambda[10,0]",0.0
"lambda[10,1]",0.0
"lambda[10,2]",0.0
"lambda[10,3]",0.0
"lambda[10,4]",0.0
"lambda[10,5]",0.0
"lambda[10,6]",0.0
"lambda[10,7]",0.0
"lambda[10,8]",0.0
"lambda[10,9]",0.0
"lambda[10,10]",0.0
"lambda[10,11]",0.0
"lambda[10,12]",0.0
"lambda[10,13]",0.0
"lambda[10,14]",0.0
"lambda[10,15]",0.0
"lambda[10,16]",0.0
"lambda[10,17]",0.0
"lambda[10,18]",0.0
"lambda[10,19]",0.0
"lambda[10,20]",0.0
"lambda[10,21]",0.0
"lambda[10,22]",0.0
"lambda[10,23]",0.0
"lambda[11,0]",0.0
"lambda[11,1]",0.0
"lambda[11,2]",0.0
"lambda[11,3]",0.0
"lambda[11,4]",0.0
"lambda[11,5]",0.0
"lambda[11,6]",0.0
"lambda[11,7]",0.0
"lambda[11,8]",0.0
"lambda[11,9]",0.0
"lambda[11,10]",0.0
"lambda[11,11]",0.0
"lambda[11,12]",0.0
"lambda[11,13]",0.0
"lambda[11,14]",0.0
"lambda[11,15]",0.0
"lambda[11,16]",0.0
"lambda[11,17]",0.0
"lambda[11,18]",0.0
"lambda[11,19]",0.0
"lambda[11,20]",0.0
"lambda[11,21]",0.0
"lambda[11,22]",0.0
"lambda[11,23]",0.0
"lambda[12,0]",0.0
"lambda[12,1]",0.0
"lambda[12,2]",0.0
"lambda[12,3]",0.0
"lambda[12,4]",0.0
"lambda[12,5]",0.0
"lambda[12,6]",0.0
"lambda[12,7]",0.0
"lambda[12,8]",0.0
"lambda[12,9]",0.0
"lambda[12,10]",0.0
"lambda[12,11]",0.0
"lambda[12,12]",0.0
"lambda[12,13]",0.0
"lambda[12,14]",0.0
"lambda[12,15]",0.0
"lambda[12,16]",0.0
"lambda[12,17]",0.0
"lambda[12,18]",0.0
"lambda[12,19]",0.0
"lambda[12,20]",0.0
"lambda[12,21]",0.0
"lambda[12,22]",0.0
"lambda[12,23]",0.0
"lambda[13,0]",0.0
"lambda[13,1]",0.0
"lambda[13,2]",0.0
"lambda[13,3]",0.0
"lambda[13,4]",7.684976222816321
"lambda[13,5]",0.0
"lambda[13,6]",0.0
"lambda[13,7]",0.0
"lambda[13,8]",0.0
"lambda[13,9]",0.0
"lambda[13,10]",0.0
"lambda[13,11]",0.0
"lambda[13,12]",0.0
"lambda[13,13]",0.0
"lambda[13,14]",0.0
"lambda[13,15]",0.0
"lambda[13,16]",0.0
"lambda[13,17]",0.0
"lambda[13,18]",0.0
"lambda[13,19]",0.0
"lambda[13,20]",0.0
"lambda[13,21]",0.0
"lambda[13,22]",0.0
"lambda[13,23]",0.0
"lambda[14,0]",0.0
"lambda[14,1]",0.0
"lambda[14,2]",0.0
"lambda[14,3]",0.0
"lambda[14,4]",0.0
"lambda[14,5]",0.0
"lambda[14,6]",0.0
"lambda[14,7]",0.0
"lambda[14,8]",0.0
"lambda[14,9]",0.0
"lambda[14,10]",0.0
"lambda[14,11]",0.0
"lambda[14,12]",0.0
"lambda[14,13]",0.0
"lambda[14,14]",0.0
"lambda[14,15]",0.0
"lambda[14,16]",0.0
"lambda[14,17]",0.0
"lambda[14,18]",0.0
"lambda[14,19]",0.0
"lambda[14,20]",0.0
"lambda[14,21]",0.0
"lambda[14,22]",0.0
"lambda[14,23]",0.0
"lambda[15,0]",0.0
"lambda[15,1]",0.0
"lambda[15,2]",0.0
"lambda[15,3]",0.0
"lambda[15,4]",0.0
"lambda[15,5]",0.0
"lambda[15,6]",0.0
"lambda[15,7]",0.0
"lambda[15,8]",0.0
"lambda[15,9]",0.0
"lambda[15,10]",0.0
"lambda[15,11]",0.0
"lambda[15,12]",0.0
"lambda[15,13]",0.0
"lambda[15,14]",0.0
"lambda[15,15]",0.0
"lambda[15,16]",0.0
"lambda[15,17]",0.0
"lambda[15,18]",0.0
"lambda[15,19]",0.0
"lambda[15,20]",0.0
"lambda[15,21]",0.0
"lambda[15,22]",0.0
"lambda[15,23]",0.0
"lambda[16,0]",0.0
"lambda[16,1]",0.0
"lambda[16,2]",0.0
"lambda[16,3]",0.0
"lambda[16,4]",0.0
"lambda[16,5]",0.0
"lambda[16,6]",0.0
"lambda[16,7]",0.0
"lambda[16,8]",0.0
"lambda[16,9]",0.0
"lambda[16,10]",0.0
"lambda[16,11]",0.0
"lambda[16,12]",0.0
"lambda[16,13]",0.0
"lambda[16,14]",0.0
"lambda[16,15]",0.0
"lambda[16,16]",0.0
"lambda[16,17]",0.0
"lambda[16,18]",0.0
"lambda[16,19]",0.0
"lambda[16,20]",0.0
"lambda[16,21]",0.0
"lambda[16,22]",0.0
"lambda[16,23]",0.0
"lambda[17,0]",0.0
"lambda[17,1]",0.0
"lambda[17,2]",0.0
"lambda[17,3]",0.0
"lambda[17,4]",0.0
"lambda[17,5]",0.0
"lambda[17,6]",0.0
"lambda[17,7]",0.0
"lambda[17,8]",0.0
"lambda[17,9]",0.0
"lambda[17,10]",0.0
"lambda[17,11]",0.0
"lambda[17,12]",0.0
"lambda[17,13]",0.0
"lambda[17,14]",0.0
"lambda[17,15]",0.0
"lambda[17,16]",0.0
"lambda[17,17]",0.0
"lambda[17,18]",0.0
"lambda[17,19]",0.0
"lambda[17,20]",0.0
"lambda[17,21]",0.0
"lambda[17,22]",0.0
"lambda[17,23]",0.0
"lambda[18,0]",0.0
"lambda[18,1]",0.0
"lambda[18,2]",0.0
"lambda[18,3]",0.0
"lambda[18,4]",0.0
"lambda[18,5]",0.0
"lambda[18,6]",0.0
"lambda[18,7]",0.0
"lambda[18,8]",0.0
"lambda[18,9]",0.0
"lambda[18,10]",0.0
"lambda[18,11]",0.0
"lambda[18,12]",0.0
"lambda[18,13]",0.0
"lambda[18,14]",0.0
"lambda[18,15]",0.0
"lambda[18,16]",0.0
"lambda[18,17]",0.0
"lambda[18,18]",0.0
"lambda[18,19]",0.0
"lambda[18,20]",0.0
"lambda[18,21]",0.0
"lambda[18,22]",0.0
"lambda[18,23]",0.0
"lambda[19,0]",0.0
"lambda[19,1]",0.0
"lambda[19,2]",0.0
"lambda[19,3]",0.0
"lambda[19,4]",0.0
"lambda[19,5]",0.0
"lambda[19,6]",0.0
"lambda[19,7]",0.0
"lambda[19,8]",0.0
"lambda[19,9]",0.0
"lambda[19,10]",0.0
"lambda[19,11]",0.0
"lambda[19,12]",0.0
"lambda[19,13]",0.0
"lambda[19,14]",0.0
"lambda[19,15]",0.0
"lambda[19,16]",0.0
"lambda[19,17]",0.0
"lambda[19,18]",0.0
"lambda[19,19]",0.0
"lambda[19,20]",0.0
"lambda[19,21]",0.0
"lambda[19,22]",0.0
"lambda[19,23]",0.0
"lambda[20,0]",0.0
"lambda[20,1]",0.0
"lambda[20,2]",0.0
"lambda[20,3]",0.0
"lambda[20,4]",0.0
"lambda[20,5]",0.0
"lambda[20,6]",0.0
"lambda[20,7]",0.0
"lambda[20,8]",0.0
"lambda[20,9]",0.0
"lambda[20,10]",0.0
"lambda[20,11]",0.0
"lambda[20,12]",0.0
"lambda[20,13]",0.0
"lambda[20,14]",0.0
"lambda[20,15]",0.0
"lambda[20,16]",0.0
"lambda[20,17]",0.0
"lambda[20,18]",0.0
"lambda[20,19]",0.0
"lambda[20,20]",0.0
"lambda[20,21]",0.0
"lambda[20,22]",0.0
"lambda[20,23]",0.0
"lambda[21,0]",0.0
"lambda[21,1]",0.0
"lambda[21,2]",0.0
"lambda[21,3]",0.0
"lambda[21,4]",0.0
"lambda[21,5]",0.0
"lambda[21,6]",0.0
"lambda[21,7]",0.0
"lambda[21,8]",0.0
"lambda[21,9]",0.0
"lambda[21,10]",0.0
"lambda[21,11]",0.0
"lambda[21,12]",0.0
"lambda[21,13]",0.0
"lambda[21,14]",0.0
"lambda[21,15]",0.0
"lambda[21,16]",0.0
"lambda[21,17]",0.0
"lambda[21,18]",0.0
"lambda[21,19]",0.0
"lambda[21,20]",0.0
"lambda[21,21]",0.0
"lambda[21,22]",0.0
"lambda[21,23]",0.0
"lambda[22,0]",0.0
"lambda[22,1]",0.0
"lambda[22,2]",0.0
"lambda[22,3]",0.0
"lambda[22,4]",0.0
"lambda[22,5]",0.0
"lambda[22,6]",0.0
"lambda[22,7]",0.0
"lambda[22,8]",0.0
"lambda[22,9]",0.0
"lambda[22,10]",0.0
"lambda[22,11]",0.0
"lambda[22,12]",0.0
"lambda[22,13]",0.0
"lambda[22,14]",0.0
"lambda[22,15]",0.0
"lambda[22,16]",0.0
"lambda[22,17]",0.0
"lambda[22,18]",0.0
"lambda[22,19]",0.0
"lambda[22,20]",0.0
"lambda[22,21]",0.0
"lambda[22,22]",0.0
"lambda[22,23]",0.0
"lambda[23,0]",0.0
"lambda[23,1]",0.0
"lambda[23,2]",0.0
"lambda[23,3]",0.0
"lambda[23,4]",0.0
"lambda[23,5]",0.0
"lambda[23,6]",0.0
"lambda[23,7]",0.0
"lambda[23,8]",0.0
"lambda[23,9]",0.0
"lambda[23,10]",0.0
"lambda[23,11]",0.0
"lambda[23,12]",0.0
"lambda[23,13]",0.0
"lambda[23,14]",0.0
"lambda[23,15]",0.0
"lambda[23,16]",0.0
"lambda[23,17]",0.0
"lambda[23,18]",0.0
"lambda[23,19]",0.0
"lambda[23,20]",0.0
"lambda[23,21]",0.0
"lambda[23,22]",0.0
"lambda[23,23]",0.0
"x[0,0]",0.0
"x[0,1]",0.0
"x[0,2]",0.0
"x[0,3]",0.0
"x[0,4]",0.0
"x[0,5]",0.0
"x[0,6]",0.0
"x[0,7]",0.0
"x[0,8]",0.0
"x[0,9]",0.0
"x[0,10]",0.0
"x[0,11]",0.0
"x[0,12]",0.0
"x[0,13]",0.0
"x[0,14]",0.0
"x[0,15]",0.0
"x[0,16]",0.0
"x[0,17]",0.0
"x[0,18]",0.0
"x[0,19]",0.0
"x[0,20]",0.0
"x[0,21]",0.0
"x[0,22]",0.0
"x[0,23]",0.0
"x[1,0]",0.0
"x[1,1]",0.0
"x[1,2]",0.0
"x[1,3]",0.0
"x[1,4]",0.0
"x[1,5]",0.0
"x[1,6]",0.0
"x[1,7]",0.0
"x[1,8]",0.0
"x[1,9]",0.0
"x[1,10]",0.0
"x[1,11]",0.0
"x[1,12]",0.0
"x[1,13]",0.0
"x[1,14]",0.0
"x[1,15]",0.0
"x[1,16]",0.0
"x[1,17]",0.0
"x[1,18]",0.0
"x[1,19]",0.0
"x[1,20]",0.0
"x[1,21]",0.0
"x[1,22]",0.0
"x[1,23]",0.0
"x[2,0]",0.0
"x[2,1]",2918146.783100855
"x[2,2]",0.0
"x[2,3]",0.0
"x[2,4]",0.0
"x[2,5]",0.0
"x[2,6]",0.0
"x[2,7]",0.0
"x[2,8]",0.0
"x[2,9]",0.0
"x[2,10]",0.0
"x[2,11]",0.0
"x[2,12]",0.0
"x[2,13]",2918116.1163991448
"x[2,14]",0.0
"x[2,15]",0.0
"x[2,16]",0.0
"x[2,17]",0.0
"x[2,18]",0.0
"x[2,19]",0.0
"x[2,20]",0.0
"x[2,21]",0.0
"x[2,22]",0.0
"x[2,23]",0.0
y[0],12569.130081300813
y[1],12569.130081300786
y[2],12569.130081300807
y[3],12569.130081300844
y[4],12569.130081300791
y[5],12569.130081300793
y[6],12569.13008130081
y[7],12569.130081300824
y[8],12569.130081300831
y[9],12569.130081300813
y[10],12569.130081300802
y[11],12569.130081300822
y[12],12569.130081300815
y[13],12569.130081300813
y[14],12569.130081300817
y[15],12569.130081300817
y[16],12569.130081300815
y[17],12569.130081300815
y[18],12569.130081300815
y[19],12569.130081300811
y[20],12569.130081300813
y[21],12569.130081300811
y[22],12569.130081300811
y[23],12569.130081300813
b[0],136697.55
b[1],-1999984.4873256413
b[2],109951.72499999999
b[3],289382.475
b[4],284787.75
b[5],245548.34999999998
b[6],140791.72499999998
b[7],282796.275
b[8],133405.125
b[9],284376.525
b[10],151773.825
b[11],188916.675
b[12],164930.09999999998
b[13],-2141157.4997993587
b[14],201153.15000000002
b[15],190617.52500000002
b[16],136925.625
b[17],196591.8
b[18],203855.32499999998
b[19],101225.09999999999
b[20],162133.8
b[21],267403.5
b[22],188394.52500000002
b[23],123697.65000000001
"phi1[0,0]",-0.0
"phi1[0,1]",-0.0
"phi1[0,2]",-0.0
"phi1[0,3]",-0.0
"phi1[0,4]",-0.0
"phi1[0,5]",-0.0
"phi1[0,6]",-0.0
"phi1[0,7]",-0.0
"phi1[0,8]",-0.0
"phi1[0,9]",-0.0
"phi1[0,10]",-0.0
"phi1[0,11]",-0.0
"phi1[0,12]",-0.0
"phi1[0,13]",-0.0
"phi1[0,14]",-0.0
"phi1[0,15]",-0.0
"phi1[0,16]",-0.0
"phi1[0,17]",-0.0
"phi1[0,18]",-0.0
"phi1[0,19]",-0.0
"phi1[0,20]",-0.0
"phi1[0,21]",-0.0
"phi1[0,22]",-0.0
"phi1[0,23]",-0.0
"phi1[1,0]",-0.0
"phi1[1,1]",-0.0
"phi1[1,2]",-0.0
"phi1[1,3]",-0.0
"phi1[1,4]",-0.0
"phi1[1,5]",-0.0
"phi1[1,6]",-0.0
"phi1[1,7]",-0.0
"phi1[1,8]",-0.0
"phi1[1,9]",-0.0
"phi1[1,10]",-0.0
"phi1[1,11]",-0.0
"phi1[1,12]",-0.0
"phi1[1,13]",-0.0
"phi1[1,14]",-0.0
"phi1[1,15]",-0.0
"phi1[1,16]",-0.0
"phi1[1,17]",-0.0
"phi1[1,18]",-0.0
"phi1[1,19]",-0.0
"phi1[1,20]",-0.0
"phi1[1,21]",-0.0
"phi1[1,22]",-0.0
"phi1[1,23]",-0.0
"phi2[0,0]",-0.0
"phi2[0,1]",-0.0
"phi2[0,2]",-0.0
"phi2[0,3]",-0.0
"phi2[0,4]",-0.0
"phi2[0,5]",-0.0
"phi2[0,6]",-0.0
"phi2[0,7]",-0.0
"phi2[0,8]",-0.0
"phi2[0,9]",-0.0
"phi2[0,10]",-0.0
"phi2[0,11]",-0.0
"phi2[0,12]",-0.0
"phi2[0,13]",-0.0
"phi2[0,14]",-0.0
"phi2[0,15]",-0.0
"phi2[0,16]",-0.0
"phi2[0,17]",-0.0
"phi2[0,18]",-0.0
"phi2[0,19]",-0.0
"phi2[0,20]",-0.0
"phi2[0,21]",-0.0
"phi2[0,22]",-0.0
"phi2[0,23]",-0.0
"phi2[1,0]",-0.0
"phi2[1,1]",-0.0
"phi2[1,2]",-0.0
"phi2[1,3]",-0.0
"phi2[1,4]",-0.0
"phi2[1,5]",-0.0
"phi2[1,6]",-0.0
"phi2[1,7]",-0.0
"phi2[1,8]",-0.0
"phi2[1,9]",-0.0
"phi2[1,10]",-0.0
"phi2[1,11]",-0.0
"phi2[1,12]",-0.0
"phi2[1,13]",-0.0
"phi2[1,14]",-0.0
"phi2[1,15]",-0.0
"phi2[1,16]",-0.0
"phi2[1,17]",-0.0
"phi2[1,18]",-0.0
"phi2[1,19]",-0.0
"phi2[1,20]",-0.0
"phi2[1,21]",-0.0
"phi2[1,22]",-0.0
"phi2[1,23]",-0.0
"phi2[2,0]",1.0
"phi2[2,1]",1.0
"phi2[2,2]",1.0
"phi2[2,3]",1.0
"phi2[2,4]",1.0
"phi2[2,5]",1.0
"phi2[2,6]",1.0
"phi2[2,7]",1.0
"phi2[2,8]",1.0
"phi2[2,9]",1.0
"phi2[2,10]",1.0
"phi2[2,11]",1.0
"phi2[2,12]",1.0
"phi2[2,13]",1.0
"phi2[2,14]",1.0
"phi2[2,15]",1.0
"phi2[2,16]",1.0
"phi2[2,17]",1.0
"phi2[2,18]",1.0
"phi2[2,19]",1.0
"phi2[2,20]",1.0
"phi2[2,21]",1.0
"phi2[2,22]",1.0
"phi2[2,23]",1.0
phi3[0],-0.0
phi3[1],-0.0
phi3[2],-0.0
phi3[3],-0.0
phi3[4],-0.0
phi3[5],-0.0
phi3[6],-0.0
phi3[7],-0.0
phi3[8],-0.0
phi3[9],-0.0
phi3[10],-0.0
phi3[11],-0.0
phi3[12],-0.0
phi3[13],-0.0
phi3[14],-0.0
phi3[15],-0.0
phi3[16],-0.0
phi3[17],-0.0
phi3[18],-0.0
phi3[19],-0.0
phi3[20],-0.0
phi3[21],-0.0
phi3[22],-0.0
phi3[23],-0.0
phi4[0],-1.3333333333333333
phi4[1],-1.3333333333333335
phi4[2],-1.3333333333333335
phi4[3],-1.3333333333333335
phi4[4],-1.3333333333333335
phi4[5],-1.3333333333333335
phi4[6],-1.3333333333333328
phi4[7],-1.3333333333333333
phi4[8],-1.3333333333333333
phi4[9],-1.3333333333333324
phi4[10],-1.3333333333333333
phi4[11],-1.3333333333333335
phi4[12],-1.3333333333333333
phi4[13],-1.3333333333333333
phi4[14],-1.3333333333333335
phi4[15],-1.333333333333333
phi4[16],-1.3333333333333333
phi4[17],-1.3333333333333335
phi4[18],-1.333333333333333
phi4[19],-1.3333333333333328
phi4[20],-1.3333333333333341
phi4[21],-1.3333333333333335
phi4[22],-1.3333333333333335
phi4[23],-1.333333333333334
phi5,-0.0
phi6,-1.3333333333333335
phi7[0],0.0
phi7[1],0.0
phi7[2],0.0
phi7[3],0.0
phi7[4],0.0
phi7[5],0.0
phi7[6],0.0
phi7[7],0.0
phi7[8],0.0
phi7[9],0.0
phi7[10],0.0
phi7[11],0.0
phi7[12],0.0
phi7[13],0.0
phi7[14],0.0
phi7[15],0.0
phi7[16],0.0
phi7[17],0.0
phi7[18],0.0
phi7[19],0.0
phi7[20],0.0
phi7[21],0.0
phi7[22],0.0
phi7[23],0.0
phi8[0],0.0
phi8[1],0.0
phi8[2],0.0
phi8[3],0.0
phi8[4],0.0
phi8[5],0.0
phi8[6],0.0
phi8[7],0.0
phi8[8],0.0
phi8[9],0.0
phi8[10],0.0
phi8[11],0.0
phi8[12],0.0
phi8[13],0.0
phi8[14],0.0
phi8[15],0.0
phi8[16],0.0
phi8[17],0.0
phi8[18],0.0
phi8[19],0.0
phi8[20],0.0
phi8[21],0.0
phi8[22],0.0
phi8[23],0.0
"a1[0,0]",1.0
"a1[0,1]",1.0
"a1[0,2]",1.0
"a1[0,3]",1.0
"a1[0,4]",1.0
"a1[0,5]",1.0
"a1[0,6]",1.0
"a1[0,7]",1.0
"a1[0,8]",1.0
"a1[0,9]",1.0
"a1[0,10]",1.0
"a1[0,11]",1.0
"a1[0,12]",1.0
"a1[0,13]",1.0
"a1[0,14]",1.0
"a1[0,15]",1.0
"a1[0,16]",1.0
"a1[0,17]",1.0
"a1[0,18]",1.0
"a1[0,19]",1.0
"a1[0,20]",1.0
"a1[0,21]",1.0
"a1[0,22]",1.0
"a1[0,23]",1.0
"a1[1,0]",1.0
"a1[1,1]",1.0
"a1[1,2]",1.0
"a1[1,3]",1.0
"a1[1,4]",1.0
"a1[1,5]",1.0
"a1[1,6]",1.0
"a1[1,7]",1.0
"a1[1,8]",1.0
"a1[1,9]",1.0
"a1[1,10]",1.0
"a1[1,11]",1.0
"a1[1,12]",1.0
"a1[1,13]",1.0
"a1[1,14]",1.0
"a1[1,15]",1.0
"a1[1,16]",1.0
"a1[1,17]",1.0
"a1[1,18]",1.0
"a1[1,19]",1.0
"a1[1,20]",1.0
"a1[1,21]",1.0
"a1[1,22]",1.0
"a1[1,23]",1.0
"a1[2,0]",0.0
"a1[2,1]",0.0
"a1[2,2]",0.0
"a1[2,3]",0.0
"a1[2,4]",0.0
"a1[2,5]",0.0
"a1[2,6]",0.0
"a1[2,7]",0.0
"a1[2,8]",0.0
"a1[2,9]",0.0
"a1[2,10]",0.0
"a1[2,11]",0.0
"a1[2,12]",0.0
"a1[2,13]",0.0
"a1[2,14]",0.0
"a1[2,15]",0.0
"a1[2,16]",0.0
"a1[2,17]",0.0
"a1[2,18]",0.0
"a1[2,19]",0.0
"a1[2,20]",0.0
"a1[2,21]",0.0
"a1[2,22]",0.0
"a1[2,23]",0.0
a2[0],0.0
a2[1],0.0
a2[2],0.0
a2[3],0.0
a2[4],0.0
a2[5],0.0
a2[6],0.0
a2[7],0.0
a2[8],0.0
a2[9],0.0
a2[10],0.0
a2[11],0.0
a2[12],0.0
a2[13],0.0
a2[14],0.0
a2[15],0.0
a2[16],0.0
a2[17],0.0
a2[18],0.0
a2[19],0.0
a2[20],0.0
a2[21],0.0
a2[22],0.0
a2[23],0.0
a3[0],-2.220446049250313e-16
a3[1],0.0
a3[2],0.0
a3[3],0.0
a3[4],0.0
a3[5],0.0
a3[6],-6.661338147750939e-16
a3[7],-2.220446049250313e-16
a3[8],-2.220446049250313e-16
a3[9],-1.1102230246251565e-15
a3[10],-2.220446049250313e-16
a3[11],0.0
a3[12],-2.220446049250313e-16
a3[13],-2.220446049250313e-16
a3[14],0.0
a3[15],-4.440892098500626e-16
a3[16],-2.220446049250313e-16
a3[17],0.0
a3[18],-4.440892098500626e-16
a3[19],-6.661338147750939e-16
a3[20],6.661338147750939e-16
a3[21],0.0
a3[22],0.0
a3[23],4.440892098500626e-16
"a4[0,0]",-2.9103830456733704e-11
"a4[0,1]",0.0
"a4[0,2]",0.0
"a4[0,3]",0.0
"a4[0,4]",0.0
"a4[0,5]",0.0
"a4[0,6]",-8.731149137020111e-11
"a4[0,7]",-2.9103830456733704e-11
"a4[0,8]",-2.9103830456733704e-11
"a4[0,9]",-1.4551915228366852e-10
"a4[0,10]",-2.9103830456733704e-11
"a4[0,11]",0.0
"a4[0,12]",-2.9103830456733704e-11
"a4[0,13]",-2.9103830456733704e-11
"a4[0,14]",0.0
"a4[0,15]",-5.820766091346741e-11
"a4[0,16]",-2.9103830456733704e-11
"a4[0,17]",0.0
"a4[0,18]",-5.820766091346741e-11
"a4[0,19]",-8.731149137020111e-11
"a4[0,20]",8.731149137020111e-11
"a4[0,21]",0.0
"a4[0,22]",0.0
"a4[0,23]",5.820766091346741e-11
"a4[1,0]",-2.9103830456733704e-11
"a4[1,1]",0.0
"a4[1,2]",0.0
"a4[1,3]",0.0
"a4[1,4]",0.0
"a4[1,5]",0.0
"a4[1,6]",-1.1641532182693481e-10
"a4[1,7]",-2.9103830456733704e-11
"a4[1,8]",-2.9103830456733704e-11
"a4[1,9]",-2.0372681319713593e-10
"a4[1,10]",-2.9103830456733704e-11
"a4[1,11]",0.0
"a4[1,12]",-2.9103830456733704e-11
"a4[1,13]",-2.9103830456733704e-11
"a4[1,14]",0.0
"a4[1,15]",-8.731149137020111e-11
"a4[1,16]",-2.9103830456733704e-11
"a4[1,17]",0.0
"a4[1,18]",-8.731149137020111e-11
"a4[1,19]",-1.1641532182693481e-10
"a4[1,20]",1.4551915228366852e-10
"a4[1,21]",0.0
"a4[1,22]",0.0
"a4[1,23]",8.731149137020111e-11
"a4[2,0]",0.0
"a4[2,1]",2.9103830456733704e-11
"a4[2,2]",2.9103830456733704e-11
"a4[2,3]",2.9103830456733704e-11
"a4[2,4]",2.9103830456733704e-11
"a4[2,5]",2.9103830456733704e-11
"a4[2,6]",-5.820766091346741e-11
"a4[2,7]",0.0
"a4[2,8]",0.0
"a4[2,9]",-1.1641532182693481e-10
"a4[2,10]",0.0
"a4[2,11]",2.9103830456733704e-11
"a4[2,12]",0.0
"a4[2,13]",0.0
"a4[2,14]",2.9103830456733704e-11
"a4[2,15]",-2.9103830456733704e-11
"a4[2,16]",0.0
"a4[2,17]",2.9103830456733704e-11
"a4[2,18]",-2.9103830456733704e-11
"a4[2,19]",-5.820766091346741e-11
"a4[2,20]",8.731149137020111e-11
"a4[2,21]",2.9103830456733704e-11
"a4[2,22]",2.9103830456733704e-11
"a4[2,23]",5.820766091346741e-11
"a4[3,0]",-5.820766091346741e-11
"a4[3,1]",0.0
"a4[3,2]",0.0
"a4[3,3]",0.0
"a4[3,4]",0.0
"a4[3,5]",0.0
"a4[3,6]",-1.7462298274040222e-10
"a4[3,7]",-5.820766091346741e-11
"a4[3,8]",-5.820766091346741e-11
"a4[3,9]",-2.9103830456733704e-10
"a4[3,10]",-5.820766091346741e-11
"a4[3,11]",0.0
"a4[3,12]",-5.820766091346741e-11
"a4[3,13]",-5.820766091346741e-11
"a4[3,14]",0.0
"a4[3,15]",-1.1641532182693481e-10
"a4[3,16]",-5.820766091346741e-11
"a4[3,17]",0.0
"a4[3,18]",-1.1641532182693481e-10
"a4[3,19]",-1.7462298274040222e-10
"a4[3,20]",2.3283064365386963e-10
"a4[3,21]",0.0
"a4[3,22]",0.0
"a4[3,23]",1.7462298274040222e-10
"a4[4,0]",0.0
"a4[4,1]",5.820766091346741e-11
"a4[4,2]",5.820766091346741e-11
"a4[4,3]",5.820766091346741e-11
"a4[4,4]",5.820766091346741e-11
"a4[4,5]",5.820766091346741e-11
"a4[4,6]",-1.7462298274040222e-10
"a4[4,7]",0.0
"a4[4,8]",0.0
"a4[4,9]",-2.9103830456733704e-10
"a4[4,10]",0.0
"a4[4,11]",5.820766091346741e-11
"a4[4,12]",0.0
"a4[4,13]",0.0
"a4[4,14]",5.820766091346741e-11
"a4[4,15]",-5.820766091346741e-11
"a4[4,16]",0.0
"a4[4,17]",5.820766091346741e-11
"a4[4,18]",-5.820766091346741e-11
"a4[4,19]",-1.7462298274040222e-10
"a4[4,20]",2.3283064365386963e-10
"a4[4,21]",5.820766091346741e-11
"a4[4,22]",5.820766091346741e-11
"a4[4,23]",1.7462298274040222e-10
"a4[5,0]",-5.820766091346741e-11
"a4[5,1]",0.0
"a4[5,2]",0.0
"a4[5,3]",0.0
"a4[5,4]",0.0
"a4[5,5]",0.0
"a4[5,6]",-1.7462298274040222e-10
"a4[5,7]",-5.820766091346741e-11
"a4[5,8]",-5.820766091346741e-11
"a4[5,9]",-2.3283064365386963e-10
"a4[5,10]",-5.820766091346741e-11
"a4[5,11]",0.0
"a4[5,12]",-5.820766091346741e-11
"a4[5,13]",-5.820766091346741e-11
"a4[5,14]",0.0
"a4[5,15]",-1.1641532182693481e-10
"a4[5,16]",-5.820766091346741e-11
"a4[5,17]",0.0
"a4[5,18]",-1.1641532182693481e-10
"a4[5,19]",-1.7462298274040222e-10
"a4[5,20]",1.7462298274040222e-10
"a4[5,21]",0.0
"a4[5,22]",0.0
"a4[5,23]",1.1641532182693481e-10
"a4[6,0]",-2.9103830456733704e-11
"a4[6,1]",0.0
"a4[6,2]",0.0
"a4[6,3]",0.0
"a4[6,4]",0.0
"a4[6,5]",0.0
"a4[6,6]",-8.731149137020111e-11
"a4[6,7]",-2.9103830456733704e-11
"a4[6,8]",-2.9103830456733704e-11
"a4[6,9]",-1.4551915228366852e-10
"a4[6,10]",-2.9103830456733704e-11
"a4[6,11]",0.0
"a4[6,12]",-2.9103830456733704e-11
"a4[6,13]",-2.9103830456733704e-11
"a4[6,14]",0.0
"a4[6,15]",-5.820766091346741e-11
"a4[6,16]",-2.9103830456733704e-11
"a4[6,17]",0.0
"a4[6,18]",-5.820766091346741e-11
"a4[6,19]",-8.731149137020111e-11
"a4[6,20]",8.731149137020111e-11
"a4[6,21]",0.0
"a4[6,22]",0.0
"a4[6,23]",5.820766091346741e-11
"a4[7,0]",0.0
"a4[7,1]",5.820766091346741e-11
"a4[7,2]",5.820766091346741e-11
"a4[7,3]",5.820766091346741e-11
"a4[7,4]",5.820766091346741e-11
"a4[7,5]",5.820766091346741e-11
"a4[7,6]",-1.1641532182693481e-10
"a4[7,7]",0.0
"a4[7,8]",0.0
"a4[7,9]",-2.3283064365386963e-10
"a4[7,10]",0.0
"a4[7,11]",5.820766091346741e-11
"a4[7,12]",0.0
"a4[7,13]",0.0
"a4[7,14]",5.820766091346741e-11
"a4[7,15]",-5.820766091346741e-11
"a4[7,16]",0.0
"a4[7,17]",5.820766091346741e-11
"a4[7,18]",-5.820766091346741e-11
"a4[7,19]",-1.1641532182693481e-10
"a4[7,20]",2.3283064365386963e-10
"a4[7,21]",5.820766091346741e-11
"a4[7,22]",5.820766091346741e-11
"a4[7,23]",1.7462298274040222e-10
"a4[8,0]",0.0
"a4[8,1]",2.9103830456733704e-11
"a4[8,2]",2.9103830456733704e-11
"a4[8,3]",2.9103830456733704e-11
"a4[8,4]",2.9103830456733704e-11
"a4[8,5]",2.9103830456733704e-11
"a4[8,6]",-5.820766091346741e-11
"a4[8,7]",0.0
"a4[8,8]",0.0
"a4[8,9]",-1.1641532182693481e-10
"a4[8,10]",0.0
"a4[8,11]",2.9103830456733704e-11
"a4[8,12]",0.0
"a4[8,13]",0.0
"a4[8,14]",2.9103830456733704e-11
"a4[8,15]",-2.9103830456733704e-11
"a4[8,16]",0.0
"a4[8,17]",2.9103830456733704e-11
"a4[8,18]",-2.9103830456733704e-11
"a4[8,19]",-5.820766091346741e-11
"a4[8,20]",1.1641532182693481e-10
"a4[8,21]",2.9103830456733704e-11
"a4[8,22]",2.9103830456733704e-11
"a4[8,23]",8.731149137020111e-11
"a4[9,0]",0.0
"a4[9,1]",5.820766091346741e-11
"a4[9,2]",5.820766091346741e-11
"a4[9,3]",5.820766091346741e-11
"a4[9,4]",5.820766091346741e-11
"a4[9,5]",5.820766091346741e-11
"a4[9,6]",-1.1641532182693481e-10
"a4[9,7]",0.0
"a4[9,8]",0.0
"a4[9,9]",-2.3283064365386963e-10
"a4[9,10]",0.0
"a4[9,11]",5.820766091346741e-11
"a4[9,12]",0.0
"a4[9,13]",0.0
"a4[9,14]",5.820766091346741e-11
"a4[9,15]",-5.820766091346741e-11
"a4[9,16]",0.0
"a4[9,17]",5.820766091346741e-11
"a4[9,18]",-5.820766091346741e-11
"a4[9,19]",-1.1641532182693481e-10
"a4[9,20]",2.3283064365386963e-10
"a4[9,21]",5.820766091346741e-11
"a4[9,22]",5.820766091346741e-11
"a4[9,23]",1.7462298274040222e-10
"a4[10,0]",0.0
"a4[10,1]",2.9103830456733704e-11
"a4[10,2]",2.9103830456733704e-11
"a4[10,3]",2.9103830456733704e-11
"a4[10,4]",2.9103830456733704e-11
"a4[10,5]",2.9103830456733704e-11
"a4[10,6]",-5.820766091346741e-11
"a4[10,7]",0.0
"a4[10,8]",0.0
"a4[10,9]",-1.4551915228366852e-10
"a4[10,10]",0.0
"a4[10,11]",2.9103830456733704e-11
"a4[10,12]",0.0
"a4[10,13]",0.0
"a4[10,14]",2.9103830456733704e-11
"a4[10,15]",-2.9103830456733704e-11
"a4[10,16]",0.0
"a4[10,17]",2.9103830456733704e-11
"a4[10,18]",-2.9103830456733704e-11
"a4[10,19]",-5.820766091346741e-11
"a4[10,20]",1.4551915228366852e-10
"a4[10,21]",2.9103830456733704e-11
"a4[10,22]",2.9103830456733704e-11
"a4[10,23]",8.731149137020111e-11
"a4[11,0]",-2.9103830456733704e-11
"a4[11,1]",2.9103830456733704e-11
"a4[11,2]",2.9103830456733704e-11
"a4[11,3]",2.9103830456733704e-11
"a4[11,4]",2.9103830456733704e-11
"a4[11,5]",2.9103830456733704e-11
"a4[11,6]",-1.1641532182693481e-10
"a4[11,7]",-2.9103830456733704e-11
"a4[11,8]",-2.9103830456733704e-11
"a4[11,9]",-2.0372681319713593e-10
"a4[11,10]",-2.9103830456733704e-11
"a4[11,11]",2.9103830456733704e-11
"a4[11,12]",-2.9103830456733704e-11
"a4[11,13]",-2.9103830456733704e-11
"a4[11,14]",2.9103830456733704e-11
"a4[11,15]",-5.820766091346741e-11
"a4[11,16]",-2.9103830456733704e-11
"a4[11,17]",2.9103830456733704e-11
"a4[11,18]",-5.820766091346741e-11
"a4[11,19]",-1.1641532182693481e-10
"a4[11,20]",1.4551915228366852e-10
"a4[11,21]",2.9103830456733704e-11
"a4[11,22]",2.9103830456733704e-11
"a4[11,23]",1.1641532182693481e-10
"a4[12,0]",-2.9103830456733704e-11
"a4[12,1]",0.0
"a4[12,2]",0.0
"a4[12,3]",0.0
"a4[12,4]",0.0
"a4[12,5]",0.0
"a4[12,6]",-1.1641532182693481e-10
"a4[12,7]",-2.9103830456733704e-11
"a4[12,8]",-2.9103830456733704e-11
"a4[12,9]",-1.7462298274040222e-10
"a4[12,10]",-2.9103830456733704e-11
"a4[12,11]",0.0
"a4[12,12]",-2.9103830456733704e-11
"a4[12,13]",-2.9103830456733704e-11
"a4[12,14]",0.0
"a4[12,15]",-5.820766091346741e-11
"a4[12,16]",-2.9103830456733704e-11
"a4[12,17]",0.0
"a4[12,18]",-5.820766091346741e-11
"a4[12,19]",-1.1641532182693481e-10
"a4[12,20]",1.1641532182693481e-10
"a4[12,21]",0.0
"a4[12,22]",0.0
"a4[12,23]",8.731149137020111e-11
"a4[13,0]",-7.275957614183426e-12
"a4[13,1]",0.0
"a4[13,2]",0.0
"a4[13,3]",0.0
"a4[13,4]",0.0
"a4[13,5]",0.0
"a4[13,6]",-2.9103830456733704e-11
"a4[13,7]",-7.275957614183426e-12
"a4[13,8]",-7.275957614183426e-12
"a4[13,9]",-5.093170329928398e-11
"a4[13,10]",-7.275957614183426e-12
"a4[13,11]",0.0
"a4[13,12]",-7.275957614183426e-12
"a4[13,13]",-7.275957614183426e-12
"a4[13,14]",0.0
"a4[13,15]",-2.1827872842550278e-11
"a4[13,16]",-7.275957614183426e-12
"a4[13,17]",0.0
"a4[13,18]",-2.1827872842550278e-11
"a4[13,19]",-2.9103830456733704e-11
"a4[13,20]",3.637978807091713e-11
"a4[13,21]",0.0
"a4[13,22]",0.0
"a4[13,23]",2.1827872842550278e-11
"a4[14,0]",0.0
"a4[14,1]",5.820766091346741e-11
"a4[14,2]",5.820766091346741e-11
"a4[14,3]",5.820766091346741e-11
"a4[14,4]",5.820766091346741e-11
"a4[14,5]",5.820766091346741e-11
"a4[14,6]",-5.820766091346741e-11
"a4[14,7]",0.0
"a4[14,8]",0.0
"a4[14,9]",-1.7462298274040222e-10
"a4[14,10]",0.0
"a4[14,11]",5.820766091346741e-11
"a4[14,12]",0.0
"a4[14,13]",0.0
"a4[14,14]",5.820766091346741e-11
"a4[14,15]",-5.820766091346741e-11
"a4[14,16]",0.0
"a4[14,17]",5.820766091346741e-11
"a4[14,18]",-5.820766091346741e-11
"a4[14,19]",-5.820766091346741e-11
"a4[14,20]",1.7462298274040222e-10
"a4[14,21]",5.820766091346741e-11
"a4[14,22]",5.820766091346741e-11
"a4[14,23]",1.1641532182693481e-10
"a4[15,0]",0.0
"a4[15,1]",5.820766091346741e-11
"a4[15,2]",5.820766091346741e-11
"a4[15,3]",5.820766091346741e-11
"a4[15,4]",5.820766091346741e-11
"a4[15,5]",5.820766091346741e-11
"a4[15,6]",-8.731149137020111e-11
"a4[15,7]",0.0
"a4[15,8]",0.0
"a4[15,9]",-1.7462298274040222e-10
"a4[15,10]",0.0
"a4[15,11]",5.820766091346741e-11
"a4[15,12]",0.0
"a4[15,13]",0.0
"a4[15,14]",5.820766091346741e-11
"a4[15,15]",-2.9103830456733704e-11
"a4[15,16]",0.0
"a4[15,17]",5.820766091346741e-11
"a4[15,18]",-2.9103830456733704e-11
"a4[15,19]",-8.731149137020111e-11
"a4[15,20]",1.7462298274040222e-10
"a4[15,21]",5.820766091346741e-11
"a4[15,22]",5.820766091346741e-11
"a4[15,23]",1.4551915228366852e-10
"a4[16,0]",0.0
"a4[16,1]",2.9103830456733704e-11
"a4[16,2]",2.9103830456733704e-11
"a4[16,3]",2.9103830456733704e-11
"a4[16,4]",2.9103830456733704e-11
"a4[16,5]",2.9103830456733704e-11
"a4[16,6]",-5.820766091346741e-11
"a4[16,7]",0.0
"a4[16,8]",0.0
"a4[16,9]",-1.4551915228366852e-10
"a4[16,10]",0.0
"a4[16,11]",2.9103830456733704e-11
"a4[16,12]",0.0
"a4[16,13]",0.0
"a4[16,14]",2.9103830456733704e-11
"a4[16,15]",-2.9103830456733704e-11
"a4[16,16]",0.0
"a4[16,17]",2.9103830456733704e-11
"a4[16,18]",-2.9103830456733704e-11
"a4[16,19]",-5.820766091346741e-11
"a4[16,20]",1.1641532182693481e-10
"a4[16,21]",2.9103830456733704e-11
"a4[16,22]",2.9103830456733704e-11
"a4[16,23]",8.731149137020111e-11
"a4[17,0]",-2.9103830456733704e-11
"a4[17,1]",2.9103830456733704e-11
"a4[17,2]",2.9103830456733704e-11
"a4[17,3]",2.9103830456733704e-11
"a4[17,4]",2.9103830456733704e-11
"a4[17,5]",2.9103830456733704e-11
"a4[17,6]",-1.1641532182693481e-10
"a4[17,7]",-2.9103830456733704e-11
"a4[17,8]",-2.9103830456733704e-11
"a4[17,9]",-2.0372681319713593e-10
"a4[17,10]",-2.9103830456733704e-11
"a4[17,11]",2.9103830456733704e-11
"a4[17,12]",-2.9103830456733704e-11
"a4[17,13]",-2.9103830456733704e-11
"a4[17,14]",2.9103830456733704e-11
"a4[17,15]",-5.820766091346741e-11
"a4[17,16]",-2.9103830456733704e-11
"a4[17,17]",2.9103830456733704e-11
"a4[17,18]",-5.820766091346741e-11
"a4[17,19]",-1.1641532182693481e-10
"a4[17,20]",1.4551915228366852e-10
"a4[17,21]",2.9103830456733704e-11
"a4[17,22]",2.9103830456733704e-11
"a4[17,23]",1.1641532182693481e-10
"a4[18,0]",0.0
"a4[18,1]",5.820766091346741e-11
"a4[18,2]",5.820766091346741e-11
"a4[18,3]",5.820766091346741e-11
"a4[18,4]",5.820766091346741e-11
"a4[18,5]",5.820766091346741e-11
"a4[18,6]",-1.1641532182693481e-10
"a4[18,7]",0.0
"a4[18,8]",0.0
"a4[18,9]",-1.7462298274040222e-10
"a4[18,10]",0.0
"a4[18,11]",5.820766091346741e-11
"a4[18,12]",0.0
"a4[18,13]",0.0
"a4[18,14]",5.820766091346741e-11
"a4[18,15]",-5.820766091346741e-11
"a4[18,16]",0.0
"a4[18,17]",5.820766091346741e-11
"a4[18,18]",-5.820766091346741e-11
"a4[18,19]",-1.1641532182693481e-10
"a4[18,20]",1.7462298274040222e-10
"a4[18,21]",5.820766091346741e-11
"a4[18,22]",5.820766091346741e-11
"a4[18,23]",1.1641532182693481e-10
"a4[19,0]",0.0
"a4[19,1]",2.9103830456733704e-11
"a4[19,2]",2.9103830456733704e-11
"a4[19,3]",2.9103830456733704e-11
"a4[19,4]",2.9103830456733704e-11
"a4[19,5]",2.9103830456733704e-11
"a4[19,6]",-5.820766091346741e-11
"a4[19,7]",0.0
"a4[19,8]",0.0
"a4[19,9]",-8.731149137020111e-11
"a4[19,10]",0.0
"a4[19,11]",2.9103830456733704e-11
"a4[19,12]",0.0
"a4[19,13]",0.0
"a4[19,14]",2.9103830456733704e-11
"a4[19,15]",-2.9103830456733704e-11
"a4[19,16]",0.0
"a4[19,17]",2.9103830456733704e-11
"a4[19,18]",-2.9103830456733704e-11
"a4[19,19]",-5.820766091346741e-11
"a4[19,20]",8.731149137020111e-11
"a4[19,21]",2.9103830456733704e-11
"a4[19,22]",2.9103830456733704e-11
"a4[19,23]",5.820766091346741e-11
"a4[20,0]",-2.9103830456733704e-11
"a4[20,1]",0.0
"a4[20,2]",0.0
"a4[20,3]",0.0
"a4[20,4]",0.0
"a4[20,5]",0.0
"a4[20,6]",-8.731149137020111e-11
"a4[20,7]",-2.9103830456733704e-11
"a4[20,8]",-2.9103830456733704e-11
"a4[20,9]",-1.7462298274040222e-10
"a4[20,10]",-2.9103830456733704e-11
"a4[20,11]",0.0
"a4[20,12]",-2.9103830456733704e-11
"a4[20,13]",-2.9103830456733704e-11
"a4[20,14]",0.0
"a4[20,15]",-5.820766091346741e-11
"a4[20,16]",-2.9103830456733704e-11
"a4[20,17]",0.0
"a4[20,18]",-5.820766091346741e-11
"a4[20,19]",-8.731149137020111e-11
"a4[20,20]",1.1641532182693481e-10
"a4[20,21]",0.0
"a4[20,22]",0.0
"a4[20,23]",8.731149137020111e-11
"a4[21,0]",0.0
"a4[21,1]",5.820766091346741e-11
"a4[21,2]",5.820766091346741e-11
"a4[21,3]",5.820766091346741e-11
"a4[21,4]",5.820766091346741e-11
"a4[21,5]",5.820766091346741e-11
"a4[21,6]",-1.1641532182693481e-10
"a4[21,7]",0.0
"a4[21,8]",0.0
"a4[21,9]",-2.3283064365386963e-10
"a4[21,10]",0.0
"a4[21,11]",5.820766091346741e-11
"a4[21,12]",0.0
"a4[21,13]",0.0
"a4[21,14]",5.820766091346741e-11
"a4[21,15]",-5.820766091346741e-11
"a4[21,16]",0.0
"a4[21,17]",5.820766091346741e-11
"a4[21,18]",-5.820766091346741e-11
"a4[21,19]",-1.1641532182693481e-10
"a4[21,20]",2.3283064365386963e-10
"a4[21,21]",5.820766091346741e-11
"a4[21,22]",5.820766091346741e-11
"a4[21,23]",1.7462298274040222e-10
"a4[22,0]",0.0
"a4[22,1]",5.820766091346741e-11
"a4[22,2]",5.820766091346741e-11
"a4[22,3]",5.820766091346741e-11
"a4[22,4]",5.820766091346741e-11
"a4[22,5]",5.820766091346741e-11
"a4[22,6]",-8.731149137020111e-11
"a4[22,7]",0.0
"a4[22,8]",0.0
"a4[22,9]",-1.7462298274040222e-10
"a4[22,10]",0.0
"a4[22,11]",5.820766091346741e-11
"a4[22,12]",0.0
"a4[22,13]",0.0
"a4[22,14]",5.820766091346741e-11
"a4[22,15]",-2.9103830456733704e-11
"a4[22,16]",0.0
"a4[22,17]",5.820766091346741e-11
"a4[22,18]",-2.9103830456733704e-11
"a4[22,19]",-8.731149137020111e-11
"a4[22,20]",1.7462298274040222e-10
"a4[22,21]",5.820766091346741e-11
"a4[22,22]",5.820766091346741e-11
"a4[22,23]",1.1641532182693481e-10
"a4[23,0]",0.0
"a4[23,1]",2.9103830456733704e-11
"a4[23,2]",2.9103830456733704e-11
"a4[23,3]",2.9103830456733704e-11
"a4[23,4]",2.9103830456733704e-11
"a4[23,5]",2.9103830456733704e-11
"a4[23,6]",-5.820766091346741e-11
"a4[23,7]",0.0
"a4[23,8]",0.0
"a4[23,9]",-1.1641532182693481e-10
"a4[23,10]",0.0
"a4[23,11]",2.9103830456733704e-11
"a4[23,12]",0.0
"a4[23,13]",0.0
"a4[23,14]",2.9103830456733704e-11
"a4[23,15]",-2.9103830456733704e-11
"a4[23,16]",0.0
"a4[23,17]",2.9103830456733704e-11
"a4[23,18]",-2.9103830456733704e-11
"a4[23,19]",-5.820766091346741e-11
"a4[23,20]",8.731149137020111e-11
"a4[23,21]",2.9103830456733704e-11
"a4[23,22]",2.9103830456733704e-11
"a4[23,23]",8.731149137020111e-11
"a5[0,0]",0.0
"a5[0,1]",0.0
"a5[0,2]",0.0
"a5[0,3]",0.0
"a5[0,4]",0.0
"a5[0,5]",0.0
"a5[0,6]",0.0
"a5[0,7]",0.0
"a5[0,8]",0.0
"a5[0,9]",0.0
"a5[0,10]",0.0
"a5[0,11]",0.0
"a5[0,12]",0.0
"a5[0,13]",0.0
"a5[0,14]",0.0
"a5[0,15]",0.0
"a5[0,16]",0.0
"a5[0,17]",0.0
"a5[0,18]",0.0
"a5[0,19]",0.0
"a5[0,20]",0.0
"a5[0,21]",0.0
"a5[0,22]",0.0
"a5[0,23]",0.0
"a5[1,0]",0.0
"a5[1,1]",0.0
"a5[1,2]",0.0
"a5[1,3]",0.0
"a5[1,4]",0.0
"a5[1,5]",0.0
"a5[1,6]",0.0
"a5[1,7]",0.0
"a5[1,8]",0.0
"a5[1,9]",0.0
"a5[1,10]",0.0
"a5[1,11]",0.0
"a5[1,12]",0.0
"a5[1,13]",0.0
"a5[1,14]",0.0
"a5[1,15]",0.0
"a5[1,16]",0.0
"a5[1,17]",0.0
"a5[1,18]",0.0
"a5[1,19]",0.0
"a5[1,20]",0.0
"a5[1,21]",0.0
"a5[1,22]",0.0
"a5[1,23]",0.0
"a6[0,0]",0.0
"a6[0,1]",0.0
"a6[0,2]",0.0
"a6[0,3]",0.0
"a6[0,4]",0.0
"a6[0,5]",0.0
"a6[0,6]",0.0
"a6[0,7]",0.0
"a6[0,8]",0.0
"a6[0,9]",0.0
"a6[0,10]",0.0
"a6[0,11]",0.0
"a6[0,12]",0.0
"a6[0,13]",0.0
"a6[0,14]",0.0
"a6[0,15]",0.0
"a6[0,16]",0.0
"a6[0,17]",0.0
"a6[0,18]",0.0
"a6[0,19]",0.0
"a6[0,20]",0.0
"a6[0,21]",0.0
"a6[0,22]",0.0
"a6[0,23]",0.0
"a6[1,0]",0.0
"a6[1,1]",0.0
"a6[1,2]",0.0
"a6[1,3]",0.0
"a6[1,4]",0.0
"a6[1,5]",0.0
"a6[1,6]",0.0
"a6[1,7]",0.0
"a6[1,8]",0.0
"a6[1,9]",0.0
"a6[1,10]",0.0
"a6[1,11]",0.0
"a6[1,12]",0.0
"a6[1,13]",0.0
"a6[1,14]",0.0
"a6[1,15]",0.0
"a6[1,16]",0.0
"a6[1,17]",0.0
"a6[1,18]",0.0
"a6[1,19]",0.0
"a6[1,20]",0.0
"a6[1,21]",0.0
"a6[1,22]",0.0
"a6[1,23]",0.0
"a6[2,0]",0.0
"a6[2,1]",0.0
"a6[2,2]",0.0
"a6[2,3]",0.0
"a6[2,4]",0.0
"a6[2,5]",0.0
"a6[2,6]",0.0
"a6[2,7]",0.0
"a6[2,8]",0.0
"a6[2,9]",0.0
"a6[2,10]",0.0
"a6[2,11]",0.0
"a6[2,12]",0.0
"a6[2,13]",0.0
"a6[2,14]",0.0
"a6[2,15]",0.0
"a6[2,16]",0.0
"a6[2,17]",0.0
"a6[2,18]",0.0
"a6[2,19]",0.0
"a6[2,20]",0.0
"a6[2,21]",0.0
"a6[2,22]",0.0
"a6[2,23]",0.0
a7[0],0.0
a7[1],0.0
a7[2],0.0
a7[3],0.0
a7[4],0.0
a7[5],0.0
a7[6],0.0
a7[7],0.0
a7[8],0.0
a7[9],0.0
a7[10],0.0
a7[11],0.0
a7[12],0.0
a7[13],0.0
a7[14],0.0
a7[15],0.0
a7[16],0.0
a7[17],0.0
a7[18],0.0
a7[19],0.0
a7[20],0.0
a7[21],0.0
a7[22],0.0
a7[23],0.0
a8[0],0.0
a8[1],0.0
a8[2],0.0
a8[3],0.0
a8[4],0.0
a8[5],0.0
a8[6],0.0
a8[7],0.0
a8[8],0.0
a8[9],0.0
a8[10],0.0
a8[11],0.0
a8[12],0.0
a8[13],0.0
a8[14],0.0
a8[15],0.0
a8[16],0.0
a8[17],0.0
a8[18],0.0
a8[19],0.0
a8[20],0.0
a8[21],0.0
a8[22],0.0
a8[23],0.0
a9,0.0
a10,0.0
a11[0],0.0
a11[1],0.0
a11[2],0.0
a11[3],0.0
a11[4],0.0
a11[5],0.0
a11[6],0.0
a11[7],0.0
a11[8],0.0
a11[9],0.0
a11[10],0.0
a11[11],0.0
a11[12],0.0
a11[13],0.0
a11[14],0.0
a11[15],0.0
a11[16],0.0
a11[17],0.0
a11[18],0.0
a11[19],0.0
a11[20],0.0
a11[21],0.0
a11[22],0.0
a11[23],0.0
a12[0],0.0
a12[1],0.0
a12[2],0.0
a12[3],0.0
a12[4],0.0
a12[5],0.0
a12[6],0.0
a12[7],0.0
a12[8],0.0
a12[9],0.0
a12[10],0.0
a12[11],0.0
a12[12],0.0
a12[13],0.0
a12[14],0.0
a12[15],0.0
a12[16],0.0
a12[17],0.0
a12[18],0.0
a12[19],0.0
a12[20],0.0
a12[21],0.0
a12[22],0.0
a12[23],0.0
